ID,Nome,GÃªnero,Data_nascimento
1,Enoch Reynolds,Masculino,12/03/1941
2,Nina Walsh,Feminino,21/09/2001
3,Martin Redfern,Masculino,18/01/1956
4,Carmella Dixon,Feminino,20/02/1996
5,Marissa Archer,Feminino,28/04/1982
6,Tyson Long,Masculino,19/06/1953
7,William Waterhouse,Masculino,17/05/1997
8,Anais Saunders,Feminino,16/07/1956
9,Javier Johnson,Masculino,04/11/1951
10,Lana Tanner,Feminino,19/11/1934
11,George Andersson,Masculino,12/03/1979
12,Cadence Funnell,Feminino,17/08/1970
13,Mackenzie Harrison,Feminino,16/03/1959
14,Manuel Moreno,Masculino,23/11/1995
15,Mya Sloan,Feminino,08/12/1946
16,Dasha Verdon,Feminino,05/04/1972
17,Tiffany Snow,Feminino,25/01/1958
18,Owen Norman,Masculino,24/08/1972
19,Sarah Vaughan,Feminino,23/12/1963
20,Analise Collis,Feminino,02/11/1973
21,Matt Watson,Masculino,22/12/2000
22,Chelsea Gray,Feminino,24/04/1990
23,Daron Nayler,Masculino,21/08/1964
24,Candice Murphy,Feminino,27/11/1973
25,Sage Potts,Feminino,18/01/1952
26,Greta Ogilvy,Feminino,25/02/1973
27,Kieth Alldridge,Masculino,06/03/1993
28,Clint James,Masculino,22/07/1936
29,Jade Phillips,Feminino,30/08/1985
30,Valerie Thorne,Feminino,12/02/1947
31,Noah Roberts,Masculino,19/08/1991
32,Nick Graham,Masculino,30/01/1940
33,Maddison Patel,Feminino,11/04/1964
34,Sarah Santos,Feminino,18/01/1954
35,Angel Heaton,Feminino,06/01/1988
36,Denis Atkinson,Masculino,09/05/2002
37,Nathan Donnelly,Masculino,16/10/1979
38,Courtney Denton,Feminino,27/04/1950
39,Chadwick Price,Masculino,08/04/1954
40,Jayden Truscott,Masculino,14/03/1990
41,Emery Willis,Feminino,21/10/1963
42,Jacob Little,Masculino,21/11/1965
43,Jayden Hamilton,Masculino,06/12/2000
44,Nathan Hall,Masculino,22/09/1981
45,Remy Allington,Feminino,09/10/1936
46,Teagan Wilson,Feminino,10/01/1960
47,Percy Ring,Masculino,06/12/1954
48,Jack Seymour,Masculino,12/07/1990
49,Shelby Bright,Feminino,10/04/1973
50,Bryon Russel,Masculino,03/04/1992
51,Colleen Moran,Feminino,25/08/1999
52,Hayden Adams,Masculino,04/10/1971
53,Leslie Reid,Feminino,20/07/1985
54,Dakota Blythe,Feminino,25/02/1969
55,George Jenkins,Masculino,05/02/1963
56,Sloane Palmer,Feminino,01/05/1955
57,Barney Eyres,Masculino,01/02/1992
58,Mason Brown,Masculino,29/08/1993
59,Danielle Spencer,Feminino,20/05/1977
60,Tony James,Masculino,25/01/1987
61,Daria Marshall,Feminino,13/02/1990
62,Bob Morris,Masculino,06/12/1955
63,Oliver Potts,Masculino,12/07/1960
64,Percy Khan,Masculino,08/04/1993
65,Fred Quinton,Masculino,02/09/1995
66,Sebastian Snow,Masculino,02/05/1959
67,Daron Fox,Masculino,16/11/1930
68,Catherine Pearce,Feminino,19/02/1937
69,Rosalee Rees,Feminino,09/01/1952
70,Rosalyn Ingram,Feminino,15/10/1991
71,Morgan Ellwood,Feminino,24/07/1934
72,Blake Wallace,Feminino,02/07/1944
73,Ember Wooldridge,Feminino,20/03/1946
74,Mike Jefferson,Masculino,27/08/1958
75,Sebastian Chadwick,Masculino,03/09/1957
76,Phoebe Gilbert,Feminino,15/11/1979
77,Lillian Flett,Feminino,11/07/2002
78,Camden Ingham,Feminino,06/09/1943
79,Bryce Weatcroft,Feminino,11/06/1955
80,Liam Donnelly,Masculino,26/11/1932
81,Sage Simpson,Feminino,18/12/1953
82,Mason Woods,Masculino,04/11/1962
83,Livia Weldon,Feminino,16/05/1946
84,Barry Vass,Masculino,18/01/1962
85,Bart May,Masculino,19/05/2000
86,Ryan Wilkinson,Masculino,31/12/1959
87,Cristal Lee,Feminino,17/12/1949
88,Leslie Blythe,Feminino,22/10/1963
89,Liam Harrington,Masculino,18/09/1993
90,Chuck Ballard,Masculino,18/02/1992
91,Joyce Woodcock,Feminino,13/11/1976
92,John Shaw,Masculino,28/07/1976
93,Ethan Jenkin,Masculino,22/01/1931
94,Clint Sherwood,Masculino,29/05/1998
95,Julius Robinson,Masculino,19/06/1953
96,Ember Higgs,Feminino,03/12/1946
97,Mandy Rivers,Feminino,09/02/1930
98,Josh Coleman,Masculino,27/09/1998
99,Liam Kennedy,Masculino,06/10/1985
100,Olivia Chapman,Feminino,06/04/1991
101,Celia Dunbar,Feminino,06/07/1949
102,Jayden Coleman,Masculino,25/11/1930
103,Kenzie Hastings,Feminino,25/01/1989
104,Ilona Emmett,Feminino,13/10/1965
105,Chuck Roscoe,Masculino,22/06/1970
106,Dasha Bryson,Feminino,25/06/1963
107,Jayden Watt,Masculino,24/11/1934
108,Rose Ogilvy,Feminino,22/07/1944
109,Johnathan Paterson,Masculino,05/02/1934
110,Eduardo Irving,Masculino,13/02/1971
111,Taylor Lunt,Feminino,14/04/1938
112,Danny Davies,Masculino,22/06/1956
113,Ada Pearce,Feminino,23/10/1950
114,Danny Norburn,Masculino,19/06/1968
115,Chris Matthews,Masculino,30/11/1964
116,Margot Olivier,Feminino,04/12/1948
117,Doug Bryson,Masculino,13/07/1989
118,Cassandra Wood,Feminino,21/01/1971
119,Lexi Holmes,Feminino,08/03/1988
120,Penelope Wooldridge,Feminino,17/06/1951
121,Harriet Stone,Feminino,14/09/1955
122,Eduardo Franks,Masculino,24/01/1959
123,Nathan Gaynor,Masculino,23/07/1930
124,Makena Phillips,Feminino,26/04/1984
125,Leslie Addison,Feminino,16/05/1988
126,Deborah Redwood,Feminino,27/06/1975
127,Rosalee King,Feminino,17/05/1968
128,Daniel Allcott,Masculino,05/01/1962
129,Oliver Allen,Masculino,07/07/1937
130,Nina Oldfield,Feminino,21/08/1992
131,Gabriel Vince,Masculino,10/09/1988
132,Mike Lindop,Masculino,21/08/1967
133,Michael Yoman,Masculino,18/02/1958
134,Anthony Willis,Masculino,11/02/2000
135,Jocelyn Todd,Feminino,14/01/1968
136,Cedrick Myatt,Masculino,17/09/1953
137,Gabriel Neal,Masculino,07/06/1991
138,Marla Connell,Feminino,24/03/1986
139,Dasha Jones,Feminino,30/08/1959
140,Luke Devonport,Masculino,21/08/1985
141,Matthew Rees,Masculino,05/11/1960
142,Sebastian Antcliff,Masculino,04/07/1939
143,Judith Everett,Feminino,20/08/1945
144,Rita Neville,Feminino,13/12/1939
145,Ciara Clifford,Feminino,03/04/1936
146,Domenic Styles,Masculino,27/02/1985
147,Tony Dann,Masculino,04/03/1976
148,Chester Price,Masculino,01/02/1961
149,Angel Penn,Feminino,10/04/1961
150,Hayden Lynn,Feminino,01/11/1965
151,Rosalee Wilson,Feminino,22/01/1959
152,Rebecca Harvey,Feminino,09/09/1968
153,Joy Talbot,Feminino,25/04/1943
154,Evelynn Matthews,Feminino,02/10/1981
155,Caitlyn Grant,Feminino,26/04/1981
156,Miley Plumb,Feminino,15/12/1981
157,Doris Norburn,Feminino,11/12/1974
158,William Utterson,Masculino,22/09/1984
159,Owen Rainford,Masculino,02/02/1932
160,David Cork,Masculino,14/04/1955
161,Mya Allwood,Feminino,25/02/1982
162,Daron Aldridge,Masculino,10/10/1938
163,Adeline Hudson,Feminino,08/01/1947
164,Clint Cameron,Masculino,17/04/1948
165,Joseph Olson,Masculino,04/03/1962
166,Owen Mcgregor,Masculino,13/05/1972
167,Martin Parker,Masculino,29/09/1959
168,Britney Coleman,Feminino,07/01/1981
169,Monica Forth,Feminino,12/09/1964
170,Samara Heaton,Feminino,24/02/1977
171,Tyler Hill,Masculino,16/11/1952
172,Deborah Woods,Feminino,08/12/1995
173,Natalie Spencer,Feminino,07/07/1975
174,Nate Forth,Masculino,16/07/1986
175,Alan Fields,Masculino,29/05/1932
176,Hazel Ralph,Feminino,03/12/1944
177,Penny Rixon,Feminino,24/03/1963
178,Audrey Partridge,Feminino,22/01/1986
179,Danny Boyle,Masculino,22/01/1965
180,Rhea Johnson,Feminino,27/12/1998
181,Harry Lunt,Masculino,30/11/2002
182,Noah Clarke,Masculino,27/01/1937
183,Adina Carson,Feminino,25/10/1957
184,Michael Tate,Masculino,04/05/1963
185,Eduardo Cowan,Masculino,04/01/1994
186,Liv Adler,Feminino,17/10/1977
187,Shelby Thornton,Feminino,08/05/1960
188,Lucas Whittle,Masculino,29/10/1936
189,Hayden Miller,Masculino,04/11/2001
190,Barney Emerson,Masculino,18/02/1958
191,George Crawley,Masculino,19/01/1993
192,Barry Graham,Masculino,21/11/1969
193,Dorothy Price,Feminino,16/09/1975
194,Sabrina Redwood,Feminino,10/04/1950
195,Payton Clark,Feminino,09/02/1978
196,Camellia Drew,Feminino,16/12/2000
197,Hailey Thatcher,Feminino,25/10/1995
198,Gemma Scott,Feminino,05/03/1988
199,Roger Wilson,Masculino,06/01/1954
200,Cedrick Vernon,Masculino,03/03/1937
201,Jacob Campbell,Masculino,05/09/1974
202,Estrella Everett,Feminino,27/04/1965
203,Jayden Johnson,Masculino,04/04/1952
204,Hannah Drummond,Feminino,28/11/1945
205,Violet Matthews,Feminino,26/08/1953
206,Domenic Uddin,Masculino,08/10/1931
207,Boris Noach,Masculino,20/12/1971
208,Olivia Tait,Feminino,06/11/1992
209,Clint Middleton,Masculino,18/10/1978
210,Barney Bradley,Masculino,24/10/1970
211,Rocco Grant,Masculino,15/01/1977
212,Peyton Rothwell,Feminino,02/05/1996
213,Noemi Latham,Feminino,12/03/1985
214,Mike Walton,Masculino,05/03/1970
215,Henry Lomax,Masculino,24/03/1995
216,Carl Martin,Masculino,10/05/1961
217,Tyson Pearce,Masculino,29/01/1976
218,Josh Moore,Masculino,20/03/1959
219,Kirsten Flack,Feminino,19/06/1988
220,Jack Herbert,Masculino,22/02/1981
221,Gabriel Davies,Masculino,13/05/1983
222,Doug Truscott,Masculino,11/09/1999
223,Dani Lynn,Feminino,19/06/1993
224,Angelica Hastings,Feminino,05/11/1982
225,Mason Wright,Masculino,02/04/2000
226,Daniel Janes,Masculino,05/12/1950
227,Florence Pond,Feminino,08/06/1962
228,Scarlett Callan,Feminino,09/11/1983
229,Colleen Smith,Feminino,13/06/1965
230,Doris Rogan,Feminino,12/01/1942
231,Molly Stone,Feminino,11/03/1977
232,Sebastian Irwin,Masculino,28/01/1947
233,Sarah Oldfield,Feminino,25/07/1993
234,Doug Kidd,Masculino,05/06/1974
235,Phillip Bristow,Masculino,01/07/1952
236,Josephine Ashwell,Feminino,22/02/2002
237,Alba Rose,Feminino,17/02/1937
238,Brooklyn Lomax,Feminino,07/06/1941
239,Dorothy Pearce,Feminino,10/07/2002
240,Hank Notman,Masculino,11/12/1954
241,Oliver Randall,Masculino,08/07/1987
242,Lana Brooks,Feminino,16/11/1931
243,Wade Selby,Masculino,11/08/1933
244,William Vincent,Masculino,27/12/1989
245,Nate Clayton,Masculino,27/01/1981
246,Martin Oakley,Masculino,15/03/1947
247,Enoch Warner,Masculino,18/11/1983
248,Kimberly Alcroft,Feminino,20/08/1936
249,Ronald Kelly,Masculino,03/03/1935
250,Chad Neville,Masculino,30/01/2002
251,Melanie Lee,Feminino,05/08/1936
252,Ryan Russell,Masculino,21/12/1983
253,Nina Latham,Feminino,08/09/1987
254,Tom Bryant,Masculino,24/07/1996
255,Logan Coll,Feminino,06/05/1982
256,Jacob Barclay,Masculino,18/04/1988
257,Mark Overson,Masculino,16/10/2002
258,Sonya Sherry,Feminino,16/06/1935
259,Summer Welsch,Feminino,05/02/1981
260,Zara Farrow,Feminino,20/08/2000
261,Leroy Hopkins,Masculino,27/01/1985
262,Sebastian Goodman,Masculino,17/01/1947
263,Danny Thompson,Masculino,11/01/1952
264,Jayden Farrow,Masculino,01/09/2000
265,Lara King,Feminino,19/01/1976
266,Charlotte Vince,Feminino,01/04/1949
267,Barry Knight,Masculino,04/06/1967
268,Florence Greenwood,Feminino,31/12/1995
269,Martin Redfern,Masculino,18/06/1958
270,Liam Lewin,Masculino,19/09/1977
271,Noemi Neal,Feminino,21/03/1951
272,Matthew Spencer,Masculino,31/07/1968
273,Julius Rodwell,Masculino,21/10/1944
274,Marigold Pickard,Feminino,16/10/1989
275,Adeline Marshall,Feminino,16/07/1970
276,Grace Donnelly,Feminino,06/04/1965
277,Bart Martin,Masculino,04/01/1968
278,Wade Saunders,Masculino,27/11/1959
279,Mayleen Dixon,Feminino,22/07/1941
280,Tom Holmes,Masculino,20/12/1937
281,Alexia York,Feminino,02/08/1949
282,Ruby Shea,Feminino,15/07/1936
283,Luna Bentley,Feminino,21/08/1948
284,Emely Woodcock,Feminino,14/01/1991
285,Danny Parker,Masculino,04/01/1947
286,Madison Addison,Feminino,13/08/1983
287,Maxwell Villiger,Masculino,24/10/1932
288,Danny Santos,Masculino,07/06/1993
289,Kurt Callan,Masculino,12/01/1993
290,Jessica Shea,Feminino,01/06/1944
291,Tyson Hardwick,Masculino,16/05/1935
292,Wade Stone,Masculino,18/12/1936
293,Denis Widdows,Masculino,14/05/1983
294,Cameron Lowe,Feminino,20/02/1953
295,Kieth Alldridge,Masculino,22/05/1958
296,Matthew Tait,Masculino,09/12/1984
297,Enoch Calderwood,Masculino,15/11/1984
298,Belinda Wood,Feminino,10/08/1940
299,Jennifer Gonzales,Feminino,12/09/1985
300,Daniel Smith,Masculino,08/11/1974
301,Logan Mason,Masculino,12/05/1962
302,Hank Ashwell,Masculino,01/08/1998
303,Sasha Yates,Feminino,02/12/1985
304,Noah Eagle,Masculino,21/02/1977
305,Emely Yard,Feminino,03/05/1951
306,Kate Gardner,Feminino,09/05/1935
307,Hank Page ,Masculino,13/08/1977
308,Sylvia Brett,Feminino,09/10/1984
309,Jacob Nanton,Masculino,07/10/1941
310,Alexander Aldridge,Masculino,14/02/1940
311,Priscilla Rosenbloom,Feminino,20/03/1966
312,Daria Bell,Feminino,18/07/1947
313,Hadley Fenton,Feminino,17/10/1998
314,Cedrick Gardner,Masculino,07/02/1998
315,Tess Pierce,Feminino,06/05/1969
316,Cedrick Duvall,Masculino,22/06/1930
317,Jasmine Morris,Feminino,25/06/1935
318,Julian Hunter,Masculino,17/07/2002
319,Susan Graham,Feminino,29/02/1948
320,Johnny Daniells,Masculino,05/01/1971
321,Sabina Matthews,Feminino,21/11/1933
322,Lindsay John,Feminino,19/08/1987
323,Liam Stone,Masculino,26/09/1959
324,Chad Edler,Masculino,25/07/1988
325,Ron Myatt,Masculino,27/11/1955
326,Blake Calderwood,Feminino,25/09/1950
327,Sebastian May,Masculino,03/04/1933
328,Rick Clark,Masculino,20/01/1971
329,Jack Edwards,Masculino,12/04/1983
330,Noemi Boyle,Feminino,23/11/1952
331,Celia Ianson,Feminino,11/09/1933
332,Benjamin Ripley,Masculino,15/02/1944
333,Rose Ralph,Feminino,10/04/1983
334,Beatrice Willson,Feminino,24/12/1992
335,Chris Greenwood,Masculino,04/02/1990
336,Lillian Robertson,Feminino,27/10/1984
337,Mabel Morrison,Feminino,18/08/1952
338,Leroy Dixon,Masculino,04/08/1968
339,Doug Mullins,Masculino,01/07/1931
340,Martha Davies,Feminino,10/02/1959
341,Peyton Notman,Feminino,21/01/1993
342,Trisha Selby,Feminino,14/05/1958
343,Lucas Williams,Masculino,08/01/1952
344,John Harris,Masculino,28/10/1966
345,Alexander Baxter,Masculino,27/10/1952
346,Claire Egerton,Feminino,24/12/1986
347,Celia Shields,Feminino,19/10/1935
348,Nicholas Anderson,Masculino,03/11/1982
349,Caleb Weldon,Masculino,27/05/1943
350,Bethany Hunt,Feminino,03/09/1986
351,Nate Drake,Masculino,22/09/1945
352,Joy Yarlett,Feminino,19/12/1947
353,Matthew Forth,Masculino,13/07/1960
354,Clint Pratt,Masculino,04/01/1965
355,Luke Simpson,Masculino,11/08/1987
356,Bethany Plumb,Feminino,05/12/1995
357,Janice Tindall,Feminino,07/10/1984
358,Melinda Cadman,Feminino,27/12/1950
359,Amelia Benson,Feminino,22/12/1991
360,Nicole Robertson,Feminino,05/03/1939
361,Aleksandra Graves,Feminino,21/05/1992
362,Gwen Tyrrell,Feminino,25/03/1945
363,Carl Ripley,Masculino,14/04/1988
364,Alan Parker,Masculino,13/09/1953
365,Carl Weldon,Masculino,03/07/1987
366,Margaret Bingham,Feminino,19/06/1988
367,Emmanuelle Rossi,Feminino,26/12/1932
368,Kimberly Vince,Feminino,28/03/1970
369,Nicholas Salt,Masculino,16/10/1956
370,Carl Campbell,Masculino,07/11/1978
371,Keira Cooper,Feminino,07/06/1947
372,Rowan Penn,Feminino,22/01/1995
373,Doug Preston,Masculino,27/01/1961
374,Nicholas Fleming,Masculino,29/08/1975
375,David Sloan,Masculino,27/03/1943
376,Jack Ripley,Masculino,23/09/1964
377,Carmen Everett,Feminino,27/11/1983
378,Luna Booth,Feminino,19/05/1935
379,Sara Thomson,Feminino,26/01/1981
380,Hayden Devonport,Feminino,10/06/1982
381,Sabrina Mcnally,Feminino,19/10/1981
382,Martha Briggs,Feminino,17/07/2000
383,Phillip Attwood,Masculino,06/03/1942
384,Bernadette Townend,Feminino,21/09/1965
385,Marina Fisher,Feminino,05/04/1978
386,Kassandra Dixon,Feminino,02/01/1948
387,Manuel Hardwick,Masculino,25/01/1976
388,Bethany Ross,Feminino,07/03/1950
389,Christine Garner,Feminino,07/02/1984
390,Mina Addley,Feminino,08/02/1967
391,Melanie Greenwood,Feminino,05/11/1965
392,Daron Wilcox,Masculino,03/12/1948
393,Holly Edwards,Feminino,18/09/1998
394,Gwen Boden,Feminino,22/12/1993
395,Percy Weldon,Masculino,01/02/1952
396,Gil Hunter,Masculino,04/05/1966
397,Candice Adams,Feminino,21/07/1990
398,Joseph Robertson,Masculino,21/09/1942
399,Erick Simpson,Masculino,03/06/1990
400,Boris Hammond,Masculino,09/06/1955
401,Alexander Ellison,Masculino,26/05/1956
402,Henry Jeffery,Masculino,22/12/1994
403,Zara Oakley,Feminino,01/11/1994
404,Jocelyn Partridge,Feminino,05/04/1992
405,Erick Greenwood,Masculino,26/09/1979
406,Miriam Bristow,Feminino,03/04/1983
407,Tom Rothwell,Masculino,07/10/1939
408,Monica Bell,Feminino,23/10/1944
409,John Moss,Masculino,13/05/1966
410,Erick Shaw,Masculino,19/08/1997
411,Henry Bailey,Masculino,08/11/1979
412,Kurt Mccall,Masculino,03/11/1987
413,Nicholas Hunter,Masculino,03/10/1978
414,Maddison Russell,Feminino,06/04/1970
415,Josh Gallacher,Masculino,23/07/1930
416,Chuck Norris,Masculino,16/03/1992
417,Marigold Warren,Feminino,28/09/1957
418,Elena Knott,Feminino,22/03/1975
419,Hayden Hepburn,Masculino,18/03/1932
420,Aurelia Nanton,Feminino,11/07/2002
421,Ron Whatson,Masculino,22/08/1977
422,Leroy Dubois,Masculino,29/09/1939
423,Rosalyn Whatson,Feminino,02/07/1930
424,Leroy Reynolds,Masculino,06/07/1994
425,Bryon Shaw,Masculino,10/07/1941
426,Gemma Evans,Feminino,29/07/1933
427,Lucy Woods,Feminino,08/11/1950
428,Chelsea Trent,Feminino,09/12/1942
429,Mavis Ring,Feminino,07/07/1947
430,Liam Vollans,Masculino,25/06/1934
431,Nathan Atkinson,Masculino,22/06/1972
432,Miley Rainford,Feminino,06/03/1996
433,Rihanna Walsh,Feminino,06/09/1981
434,Chloe Exton,Feminino,06/04/1940
435,Lindsay Tindall,Feminino,10/06/1961
436,Daron Hood,Masculino,28/06/1997
437,Peter Bingham,Masculino,23/11/1999
438,Analise Cox,Feminino,29/01/1939
439,Bart Richardson,Masculino,24/07/1932
440,Cara Silva,Feminino,13/09/1957
441,Jamie Lynch,Feminino,27/11/1983
442,Parker Coll,Feminino,07/08/1996
443,Domenic Eastwood,Masculino,14/05/1991
444,Thea Cattell,Feminino,24/03/1978
445,Ilona Logan,Feminino,10/01/1987
446,Chuck Terry,Masculino,31/01/1974
447,Jacqueline Eaton,Feminino,24/05/1979
448,Henry Flack,Masculino,04/02/1991
449,Matt Pierce,Masculino,25/02/1947
450,Tyler Pearson,Masculino,14/07/1984
451,Alan Gregory,Masculino,09/04/1952
452,Dakota Glynn,Feminino,16/07/1948
453,Amy Avery,Feminino,24/01/1974
454,George Pond,Masculino,06/06/1980
455,Gabriel Jackson,Masculino,05/11/2001
456,Alan Quinn,Masculino,18/05/1940
457,Ember Cunningham,Feminino,21/03/1942
458,Celina Ross,Feminino,04/02/2002
459,Barney Wood,Masculino,12/03/1971
460,Charlotte Tailor,Feminino,29/03/1990
461,Tony Dyson,Masculino,26/08/1998
462,Erick Vane,Masculino,13/04/1980
463,Elise Weldon,Feminino,02/12/1969
464,Denny Strong,Masculino,12/10/1982
465,Doug Cassidy,Masculino,06/08/1947
466,Alexander Brennan,Masculino,29/06/1951
467,Kirsten Myatt,Feminino,04/11/1957
468,Rosa Russell,Feminino,30/01/1983
469,Logan Swift,Masculino,26/04/1954
470,Anthony Gardner,Masculino,04/12/1952
471,Manuel Matthews,Masculino,12/07/1984
472,Juliet Kelly,Feminino,19/05/1931
473,Alexander Garner,Masculino,19/12/1941
474,Goldie Jenkins,Feminino,16/08/1944
475,Erica Jarvis,Feminino,08/11/1938
476,Cynthia Allen,Feminino,10/05/1972
477,Fred Tanner,Masculino,29/03/1949
478,Greta Tyler,Feminino,13/03/1996
479,Mark Horton,Masculino,07/06/1992
480,Emely Widdows,Feminino,03/05/1955
481,Mark Shaw,Masculino,21/08/1939
482,Jaylene Wilcox,Feminino,09/02/1989
483,Felicity Chappell,Feminino,01/04/1942
484,Sadie Harris,Feminino,02/12/1937
485,Beatrice Coll,Feminino,07/01/1953
486,Ethan Bradley,Masculino,22/03/1969
487,Aileen Mooney,Feminino,15/05/1979
488,Iris Phillips,Feminino,22/05/1950
489,Matt Yang,Masculino,26/03/1973
490,Ivy Sanchez,Feminino,31/12/1973
491,Barney Maxwell,Masculino,01/04/1943
492,Cameron Maxwell,Feminino,08/04/1973
493,Denis Mcgee,Masculino,11/07/1939
494,Phillip Mitchell,Masculino,20/03/1994
495,Daphne Whitehouse,Feminino,12/11/1945
496,Nicole Wilcox,Feminino,03/07/1968
497,Robyn Hunter,Feminino,28/10/1982
498,Marjorie Morris,Feminino,19/08/1932
499,Cedrick Potts,Masculino,02/03/1949
500,John Mann,Masculino,25/08/1942
501,Ryan Partridge,Masculino,29/04/1973
502,Fred Collingwood,Masculino,26/05/1952
503,Carol Poulton,Feminino,08/03/1954
504,Phoebe Farrant,Feminino,12/03/1984
505,Quinn Moore,Feminino,06/01/1971
506,Oliver Talbot,Masculino,12/08/1953
507,Domenic Amstead,Masculino,15/03/1953
508,Josh Rixon,Masculino,13/03/1937
509,Jennifer Pearson,Feminino,11/09/1957
510,Bryon Oliver,Masculino,05/05/1981
511,Jennifer Gregory,Feminino,13/08/1960
512,Stella Clarke,Feminino,27/07/1986
513,Kenzie Cattell,Feminino,04/02/1993
514,Gil Phillips,Masculino,10/08/1970
515,Jaylene Addison,Feminino,25/12/1977
516,Owen Thompson,Masculino,21/11/1974
517,Tom Gray,Masculino,25/04/1997
518,Rihanna Dubois,Feminino,16/12/1938
519,Jaylene Mcgregor,Feminino,26/01/1935
520,Vera Funnell,Feminino,09/03/1984
521,Abdul Lakey,Masculino,10/11/1948
522,Karen Potts,Feminino,01/01/1982
523,Harry Kelly,Masculino,20/11/1967
524,Hayden Rowlands,Feminino,17/11/1940
525,Anabel Parker,Feminino,01/03/1984
526,Marissa Burge,Feminino,24/03/1941
527,Jules Potter,Feminino,19/10/1977
528,Owen Talbot,Masculino,29/07/1996
529,Peter Nicholls,Masculino,11/04/1943
530,Marla Warren,Feminino,22/03/1953
531,Kimberly Lindop,Feminino,27/12/1981
532,Phoebe Murphy,Feminino,30/04/1973
533,Rocco Emerson,Masculino,21/08/1956
534,Marla Drew,Feminino,24/06/1933
535,Hazel Hewitt,Feminino,11/11/1957
536,Rufus Pope,Masculino,01/08/1946
537,Lily Quinnell,Feminino,16/12/1991
538,Barry Bryant,Masculino,06/11/1961
539,Anthony Robinson,Masculino,09/09/1995
540,Russel Rogers,Masculino,23/11/1957
541,Julius Judd,Masculino,21/08/1973
542,Sebastian Matthews,Masculino,27/06/1942
543,Luke Norris,Masculino,24/06/1963
544,Camden Whitehouse,Feminino,28/09/1954
545,Aurelia Addis,Feminino,01/12/1964
546,Owen Wright,Masculino,08/04/1970
547,Maxwell Upsdell,Masculino,25/01/1973
548,Oliver Ellwood,Masculino,29/05/1996
549,Harvey Russel,Masculino,23/01/1998
550,Daron Widdows,Masculino,13/08/1940
551,Russel Whitmore,Masculino,23/03/1970
552,Eduardo Weatcroft,Masculino,19/11/1977
553,Noah Leigh,Masculino,22/07/1960
554,Chadwick Redden,Masculino,08/07/1992
555,Hank Welsch,Masculino,29/05/1955
556,Naomi Bradshaw,Feminino,09/07/1984
557,Aiden Cobb,Masculino,08/07/1948
558,Erick Farrell,Masculino,13/01/1963
559,Marilyn Martin,Feminino,31/05/1951
560,Denis Robinson,Masculino,17/06/1973
561,Angelica Higgs,Feminino,30/05/1966
562,Martin Harper,Masculino,23/07/1982
563,Chester Jordan,Masculino,27/12/1931
564,Camden Wren,Feminino,20/09/1999
565,Kaylee Hepburn,Feminino,21/11/1955
566,Logan Vallins,Masculino,19/06/1958
567,Margot Lucas,Feminino,23/05/1994
568,Francesca Rodwell,Feminino,25/02/1957
569,Alan Groves,Masculino,01/11/1982
570,Samara Allen,Feminino,11/12/1966
571,Britney Burge,Feminino,28/04/2000
572,Nathan Andersson,Masculino,07/09/1980
573,Josh Tutton,Masculino,14/10/1972
574,Tom Hepburn,Masculino,05/08/2000
575,Tyson Sanchez,Masculino,14/07/1987
576,Daniel Marshall,Masculino,21/01/1995
577,Danny Savage,Masculino,05/03/1955
578,Priscilla Rixon,Feminino,10/05/1985
579,Rose Denton,Feminino,20/06/1933
580,Daria Morley,Feminino,07/09/1936
581,Liam Heaton,Masculino,20/07/1991
582,Boris Adler,Masculino,23/01/1957
583,Marigold Parker,Feminino,02/02/2000
584,Chris Palmer,Masculino,21/11/1950
585,Trisha Benson,Feminino,03/01/1965
586,Aiden Evans,Masculino,08/07/1979
587,Mike Farrant,Masculino,05/11/1940
588,Jayden Armstrong,Masculino,11/11/2002
589,Kamila Benson,Feminino,23/02/1941
590,Elle Collins,Feminino,25/04/1949
591,Thea Khan,Feminino,29/10/1983
592,Benny Talbot,Masculino,01/11/1959
593,Iris Faulkner,Feminino,10/07/1973
594,Karla Owens,Feminino,22/08/1994
595,Martin Donovan,Masculino,06/04/1969
596,Camden Benson,Feminino,08/11/1961
597,Eduardo Roth,Masculino,23/09/1948
598,Madelyn Moore,Feminino,09/09/1999
599,Andrea Wooldridge,Feminino,20/08/1944
600,Gil Radcliffe,Masculino,20/01/1993
601,Rick Carpenter,Masculino,22/04/1935
602,Norah Allen,Feminino,01/03/1930
603,Destiny Spencer,Feminino,13/01/1949
604,Nicholas Harrison,Masculino,19/02/1954
605,Gwen Gray,Feminino,27/11/1999
606,Leah Hewitt,Feminino,10/06/1998
607,Gwenyth Wilson,Feminino,21/08/1985
608,Tom Marshall,Masculino,04/02/1998
609,Rhea Sherwood,Feminino,26/09/1957
610,Logan Faulkner,Masculino,16/06/1962
611,Blake Jackson,Feminino,14/10/1968
612,Melody Coleman,Feminino,23/08/1965
613,Goldie Marshall,Feminino,22/03/1948
614,Laila Gosling,Feminino,27/04/1967
615,Maribel Tate,Feminino,30/03/1996
616,Peyton Sherwood,Feminino,04/04/1942
617,Eve Fleming,Feminino,14/03/1966
618,Dasha Tyler,Feminino,12/04/1977
619,Maddison Holmes,Feminino,27/06/1968
620,Hank Tennant,Masculino,29/08/1988
621,Alba Forester,Feminino,30/06/1996
622,Ryan Brown,Masculino,12/10/1961
623,Tess Morrison,Feminino,08/02/1959
624,Juliette Dann,Feminino,22/12/1952
625,Dalia Graham,Feminino,10/03/1941
626,Ada Callan,Feminino,08/12/1952
627,Ada Harris,Feminino,09/05/1975
628,Ellen Clayton,Feminino,26/09/1952
629,Alessandra Gregory,Feminino,04/05/1977
630,Rae Lomax,Feminino,30/07/1938
631,Benjamin Willson,Masculino,19/01/1950
632,Jacob Lunt,Masculino,29/05/1963
633,Lexi Shelton,Feminino,02/06/1991
634,Eve Barrett,Feminino,22/07/1961
635,Scarlett Bolton,Feminino,07/06/1933
636,Scarlett Morrow,Feminino,09/10/1941
637,Skylar Camden,Feminino,18/05/1938
638,Luke Cassidy,Masculino,08/02/1987
639,Javier Fleming,Masculino,25/03/1956
640,Gabriel Robe,Masculino,05/05/1994
641,Celina Weldon,Feminino,24/01/1965
642,Cassandra Parker,Feminino,03/11/1946
643,Domenic Coleman,Masculino,16/10/1965
644,Josh Richardson,Masculino,15/11/1961
645,Nicholas Mackenzie,Masculino,04/12/1999
646,Carl Blackwall,Masculino,18/08/1997
647,Joyce Hall,Feminino,09/02/1996
648,Eden Patel,Feminino,07/05/1988
649,Karen Jennson,Feminino,05/08/1960
650,Sebastian Briggs,Masculino,19/08/1941
651,Michaela Bishop,Feminino,01/01/1995
652,Drew Alldridge,Feminino,21/03/1977
653,Margot Doherty,Feminino,26/11/1972
654,Eileen Ross,Feminino,23/03/2002
655,Juliette Mccormick,Feminino,07/03/1935
656,Tania Emerson,Feminino,04/02/1991
657,Morgan Chappell,Feminino,09/08/1960
658,Dani Stevens,Feminino,18/03/1957
659,Elijah Dwyer,Masculino,06/07/1980
660,Taylor Oakley,Feminino,14/01/2000
661,Hannah Craig,Feminino,08/02/1951
662,Daphne Heaton,Feminino,21/12/1994
663,Ryan Edmonds,Masculino,30/05/1956
664,Chris Ryan,Masculino,02/04/1948
665,Brad Morris,Masculino,26/03/1977
666,Ethan Jones,Masculino,13/04/1960
667,Martha Fields,Feminino,25/10/1982
668,Boris Ebbs,Masculino,25/11/1979
669,Maria Ashley,Feminino,20/01/1968
670,Claire Wright,Feminino,07/09/1956
671,Chadwick James,Masculino,19/03/1991
672,Bart Vincent,Masculino,06/11/1950
673,Barney Salt,Masculino,22/06/1959
674,Brooklyn Widdows,Feminino,23/11/1961
675,Camila Mullins,Feminino,20/05/2000
676,Harvey Woods,Masculino,12/02/1961
677,Cecilia Rycroft,Feminino,31/07/1977
678,Candace Kidd,Feminino,23/07/1988
679,Mark Becker,Masculino,19/05/1989
680,Mark Abbot,Masculino,19/06/2000
681,Alice Ingram,Feminino,19/02/1936
682,Hayden Shea,Feminino,23/05/1932
683,Tara Shea,Feminino,23/09/1944
684,Isabel Redwood,Feminino,17/05/1989
685,Danny Gray,Masculino,04/10/1999
686,Violet Asher,Feminino,14/10/1947
687,Caleb Miller,Masculino,12/05/1935
688,Jessica Simpson,Feminino,31/07/1951
689,George Furnell,Masculino,18/06/1950
690,Chester Whitmore,Masculino,06/04/1975
691,Abdul Collis,Masculino,01/10/1949
692,Anthony Vincent,Masculino,09/10/1960
693,Renee Benfield,Feminino,17/05/1949
694,Domenic Morgan,Masculino,26/09/1999
695,Aurelia Saunders,Feminino,01/02/1931
696,Alessia Burge,Feminino,30/09/1977
697,Brad Grey,Masculino,25/03/1930
698,Jack Rowlands,Masculino,30/12/1995
699,Carmella Walker,Feminino,25/09/1965
700,Carrie Briggs,Feminino,10/07/1971
701,Margot Dale,Feminino,25/01/1984
702,Domenic Healy,Masculino,16/03/1987
703,Elly Hill,Feminino,11/01/1963
704,Darlene Cann,Feminino,04/02/1959
705,Ally Calderwood,Feminino,09/11/1973
706,Liam Cork,Masculino,15/05/1987
707,Enoch Griffiths,Masculino,04/12/1953
708,Doris Harrington,Feminino,30/10/1931
709,Natalie Robe,Feminino,13/04/1935
710,Elijah Ventura,Masculino,15/09/1949
711,William Yarwood,Masculino,08/03/1931
712,Kate Kennedy,Feminino,12/08/1952
713,Samara Rodwell,Feminino,13/03/1971
714,Manuel Howard,Masculino,08/06/1939
715,Vanessa Roberts,Feminino,05/08/1949
716,Ryan Andrews,Masculino,03/07/1986
717,Barney Horton,Masculino,11/03/1995
718,Trisha Murray,Feminino,09/01/2000
719,Mark Ebbs,Masculino,23/05/1953
720,Jasmine Nielson,Feminino,15/02/1955
721,Maya Ulyatt,Feminino,20/11/1934
722,Alison Jones,Feminino,30/09/2000
723,Piper Palmer,Feminino,28/04/1938
724,Claire Harper,Feminino,29/12/1948
725,Daria Baker,Feminino,29/11/1963
726,Javier Nicolas,Masculino,08/08/1981
727,Alice Greenwood,Feminino,10/09/1983
728,Kurt Hope,Masculino,14/01/1951
729,Cedrick Larkin,Masculino,24/08/1989
730,Denny Mooney,Masculino,05/08/1939
731,Aiden Armstrong,Masculino,23/01/1942
732,Nick Clarkson,Masculino,13/06/1933
733,Celina Furnell,Feminino,11/12/1972
734,William Reid,Masculino,19/07/1942
735,Marie Sherry,Feminino,01/03/1951
736,Helen Ebbs,Feminino,26/07/1946
737,Tyler Gallacher,Masculino,21/12/1996
738,Bryon Neal,Masculino,19/12/2001
739,Courtney Whatson,Feminino,07/07/1997
740,Javier Smith,Masculino,07/04/1990
741,Carmen Robinson,Feminino,09/01/1961
742,Leroy Michael,Masculino,20/02/1967
743,Kieth Radcliffe,Masculino,03/05/1946
744,Lexi Thorpe,Feminino,10/11/1931
745,Noemi Upton,Feminino,21/09/1981
746,Susan King,Feminino,22/03/1947
747,Javier Whinter,Masculino,05/11/1940
748,Meredith Carson,Feminino,29/03/1946
749,Agnes Victor,Feminino,05/03/1954
750,Sebastian Rowan,Masculino,27/01/1975
751,Jolene King,Feminino,27/10/1935
752,Harvey Morley,Masculino,04/12/1985
753,Aiden Osmond,Masculino,01/03/1973
754,Anthony Cooper,Masculino,01/06/1991
755,Drew Spencer,Feminino,18/07/1977
756,Manuel Emmott,Masculino,28/03/1937
757,Quinn Whatson,Feminino,15/03/1937
758,Benjamin Harrington,Masculino,13/09/1941
759,Drew Furnell,Feminino,17/12/1996
760,Gabriel Tutton,Masculino,18/03/1941
761,Chadwick Benfield,Masculino,16/03/1959
762,Morgan Walsh,Feminino,01/12/1932
763,Selena Oldfield,Feminino,01/10/1957
764,Liam Mould,Masculino,15/06/1936
765,Oliver Rixon,Masculino,17/09/2001
766,Marvin Webster,Masculino,06/09/1940
767,Hannah Brennan,Feminino,10/10/1987
768,Melinda Webster,Feminino,05/06/1957
769,Benjamin Lloyd,Masculino,03/10/1999
770,Harriet Eagle,Feminino,20/03/2002
771,Daniel Holmes,Masculino,04/03/1951
772,Mara Abbey,Feminino,06/09/1964
773,Leroy Cadman,Masculino,04/11/1969
774,Phillip King,Masculino,09/07/1948
775,Ron Cavanagh,Masculino,23/06/1987
776,Hayden Sinclair,Feminino,20/10/1950
777,Boris Asher,Masculino,11/01/1969
778,Enoch Fall,Masculino,13/01/1980
779,Dorothy Parker,Feminino,16/01/1987
780,Angelique Powell,Feminino,30/09/1988
781,Francesca Chapman,Feminino,11/02/1976
782,Adelaide Stevens,Feminino,23/12/1984
783,Colleen Gardner,Feminino,14/03/1953
784,Mark Patel,Masculino,14/04/1995
785,Iris Bennett,Feminino,27/06/1960
786,Priscilla Kelly,Feminino,05/08/1936
787,Wendy Andrews,Feminino,16/11/1972
788,Marina Keys,Feminino,09/08/1979
789,Ron Clarke,Masculino,21/12/1997
790,Catherine Jordan,Feminino,10/07/1934
791,Mandy Vernon,Feminino,13/01/1986
792,Scarlett Hammond,Feminino,24/11/1998
793,Phillip Simmons,Masculino,27/01/1970
794,Domenic Allen,Masculino,13/10/1934
795,David Tailor,Masculino,23/10/1963
796,Julian Roberts,Masculino,21/05/1967
797,Lana Price,Feminino,25/09/1947
798,Luna Campbell,Feminino,02/01/1977
799,Michaela Anderson,Feminino,25/07/1968
800,Luke Reynolds,Masculino,12/02/1961
801,Adalie Walsh,Feminino,01/12/1937
802,Freya Barclay,Feminino,08/12/1941
803,David Lowe,Masculino,01/02/1939
804,Aeris Ianson,Feminino,27/11/1933
805,Enoch Malone,Masculino,11/09/1990
806,Francesca Boyle,Feminino,04/05/1939
807,Tyson Armstrong,Masculino,11/06/1970
808,Rowan Waterhouse,Feminino,25/10/1986
809,Eden Kent,Feminino,13/11/1956
810,Harry Leigh,Masculino,15/12/1972
811,Chester Trent,Masculino,26/01/1967
812,Carter Mitchell,Masculino,19/05/1980
813,Peter Corbett,Masculino,28/05/1952
814,Eryn Bayliss,Feminino,26/12/1934
815,John Allcott,Masculino,25/07/1953
816,Marilyn Poulton,Feminino,29/10/1939
817,Alexia Downing,Feminino,13/04/1966
818,Jacob Collis,Masculino,20/07/1980
819,Sydney Fowler,Feminino,02/05/1943
820,Juliet Long,Feminino,23/07/1975
821,Livia Norman,Feminino,12/06/1985
822,Denny Khan,Masculino,06/05/1949
823,Tom Matthews,Masculino,15/09/2000
824,Denis Uttley,Masculino,16/12/1984
825,Livia Wellington,Feminino,01/05/1974
826,Joseph Addley,Masculino,16/11/1991
827,Naomi Davies,Feminino,18/05/1937
828,Kendra Thatcher,Feminino,26/01/1949
829,Erick Noon,Masculino,14/03/1931
830,Maxwell Rees,Masculino,26/05/1934
831,Gloria Oliver,Feminino,18/09/1962
832,Domenic Reading,Masculino,07/12/1977
833,Wade Willis,Masculino,15/09/1936
834,Ethan Truscott,Masculino,23/11/1953
835,Angelique Savage,Feminino,22/11/1963
836,Leslie Dickson,Feminino,15/03/1967
837,Alma Bailey,Feminino,04/10/1973
838,Denny James,Masculino,12/07/1996
839,Joseph Jobson,Masculino,23/10/1955
840,Luke Penn,Masculino,12/04/1954
841,Logan John,Masculino,10/01/1930
842,Moira Morrison,Feminino,31/01/2000
843,Joyce Bradshaw,Feminino,15/06/1980
844,Rae Young,Feminino,13/11/1971
845,Daniel Umney,Masculino,05/06/2000
846,Carl Verdon,Masculino,17/12/1967
847,Harmony Khan,Feminino,07/11/1952
848,Danny Whatson,Masculino,03/03/1931
849,Owen Newman,Masculino,02/05/1978
850,Elle Adams,Feminino,07/05/1983
851,Gabriel Waterson,Masculino,25/01/1962
852,Leanne Thompson,Feminino,10/06/1973
853,Daniel Sherry,Masculino,25/04/1976
854,Maxwell Cameron,Masculino,29/09/1956
855,Benny Gates,Masculino,06/05/1999
856,Penny Robertson,Feminino,15/12/1953
857,Bernadette Walsh,Feminino,22/09/1960
858,Noah Thorne,Masculino,04/02/1942
859,Fred Ranks,Masculino,14/01/1985
860,Rick Hill,Masculino,03/08/1965
861,Britney Mould,Feminino,23/01/1972
862,Rocco Kennedy,Masculino,27/04/1984
863,Juliet Gosling,Feminino,01/02/1983
864,Mayleen Knight,Feminino,17/02/1964
865,Gemma Shaw,Feminino,05/06/1971
866,Jaylene Hope,Feminino,11/10/1935
867,Angelica Abbot,Feminino,18/04/1986
868,Carmen Lomax,Feminino,18/03/1966
869,Marie Umney,Feminino,17/06/1993
870,Nate Douglas,Masculino,29/03/1965
871,Lily Ellwood,Feminino,01/08/1973
872,Remy Wilton,Feminino,18/12/1999
873,Roger Heaton,Masculino,05/07/1967
874,Shay Reid,Feminino,10/08/1934
875,Miley Todd,Feminino,14/04/1965
876,Denis Roberts,Masculino,16/11/1954
877,Megan West,Feminino,24/04/1930
878,Marvin Keys,Masculino,15/06/1945
879,Michael Addley,Masculino,26/03/1939
880,Davina Williams,Feminino,13/11/2001
881,Gladys Marshall,Feminino,25/08/1977
882,Gil Dyson,Masculino,24/12/1993
883,Roger Palmer,Masculino,01/12/1941
884,Kamila Kennedy,Feminino,09/10/1952
885,Gil Pearce,Masculino,05/10/1976
886,Alison Weatcroft,Feminino,12/04/1939
887,Cristal Rose,Feminino,25/01/1963
888,Ada Stone,Feminino,27/06/1997
889,Chris Williams,Masculino,15/08/1950
890,Logan Sawyer,Masculino,11/01/1972
891,Leroy Roth,Masculino,16/04/1940
892,Bryon Vernon,Masculino,18/01/1930
893,Martin Funnell,Masculino,11/09/1979
894,Eve Jones,Feminino,24/01/1930
895,Kimberly Murphy,Feminino,23/04/1934
896,Denis Butler,Masculino,14/01/1953
897,Rick Fulton,Masculino,16/07/1995
898,Percy Larsen,Masculino,21/06/1931
899,Belinda Simpson,Feminino,24/12/1981
900,Rihanna Janes,Feminino,24/11/1981
901,Percy Drew,Masculino,08/12/1955
902,Cameron Vaughan,Feminino,24/02/1931
903,Lucas Graham,Masculino,11/05/1977
904,Brooklyn Bullock,Feminino,09/04/1964
905,Javier Clarkson,Masculino,27/08/1966
906,Julius Forth,Masculino,06/11/1984
907,Carla Saunders,Feminino,30/10/1944
908,Sabina Mills,Feminino,13/03/1938
909,Leslie Tutton,Feminino,03/10/1975
910,Alexander Kelly,Masculino,05/03/1947
911,Mona Lloyd,Feminino,22/02/1988
912,Martin Underhill,Masculino,09/06/1985
913,Harvey Fisher,Masculino,13/11/1996
914,Michelle Palmer,Feminino,10/04/1938
915,Willow Rainford,Feminino,08/08/1993
916,Julianna Sawyer,Feminino,03/11/1968
917,Noah Talbot,Masculino,07/06/1975
918,Alexia Knight,Feminino,24/10/1942
919,Rachael Antcliff,Feminino,07/09/1995
920,Camden Callan,Feminino,01/12/1942
921,Michaela Whinter,Feminino,18/11/1988
922,Jolene Dunbar,Feminino,13/09/1946
923,Tara Robe,Feminino,30/10/1952
924,Jolene Tanner,Feminino,13/02/1995
925,Mona Anderson,Feminino,22/02/1968
926,Diane Price,Feminino,13/12/1968
927,Joseph Sanchez,Masculino,06/08/1977
928,Rocco Page ,Masculino,17/06/1984
929,Leroy Curtis,Masculino,15/02/1964
930,Britney Dixon,Feminino,30/07/1951
931,Hannah Morrow,Feminino,03/03/1971
932,Gil Radcliffe,Masculino,03/06/1963
933,Owen Devonport,Masculino,07/09/1996
934,Jolene Shepherd,Feminino,05/03/1980
935,Shelby Spencer,Feminino,28/04/1971
936,Meredith Healy,Feminino,01/02/1984
937,Dalia Stanley,Feminino,21/05/1979
938,Harvey Vangness,Masculino,22/01/1949
939,Gabriel Mooney,Masculino,26/07/1978
940,Mark Moreno,Masculino,20/10/1992
941,Evelynn Turner,Feminino,02/10/1970
942,Owen Rixon,Masculino,04/08/1976
943,Sabrina Long,Feminino,30/11/1946
944,Mike Lambert,Masculino,06/10/1941
945,Bob Grant,Masculino,31/08/1980
946,Elena Poulton,Feminino,06/11/1978
947,Sloane Dwyer,Feminino,25/05/1996
948,Cherish Bennett,Feminino,06/09/1984
949,Celia Baldwin,Feminino,25/12/1999
950,Maddison Eaton,Feminino,07/06/1968
951,Mayleen Coates,Feminino,25/07/1957
952,Marjorie Brooks,Feminino,15/11/1974
953,Kieth Furnell,Masculino,29/08/1940
954,Sydney Baker,Feminino,19/06/1996
955,Johnathan Gregory,Masculino,31/03/1999
956,Audrey Burge,Feminino,29/07/1986
957,Clarissa Weatcroft,Feminino,21/12/1970
958,Cadence Tate,Feminino,26/06/1969
959,Ellen Walker,Feminino,05/08/1936
960,Jenna Windsor,Feminino,25/06/1947
961,Teagan Dallas,Feminino,23/07/1989
962,Tara Hastings,Feminino,06/12/1987
963,Harry Kelly,Masculino,27/01/1935
964,Hayden Bryant,Feminino,19/03/1969
965,Gabriel Yang,Masculino,04/03/1959
966,Valentina Addison,Feminino,01/06/1930
967,Georgia Nayler,Feminino,23/10/1982
968,Chester Lambert,Masculino,28/09/1937
969,Aileen Morrison,Feminino,31/01/2002
970,Sharon Mcneill,Feminino,13/04/1984
971,Penelope Chappell,Feminino,10/10/1982
972,Irene Villiger,Feminino,29/12/1994
973,Rylee Todd,Feminino,15/04/1990
974,Russel Yoman,Masculino,29/04/1967
975,Penelope Murray,Feminino,08/09/1960
976,Matthew Clarkson,Masculino,04/12/1957
977,Martin Rivers,Masculino,12/09/1974
978,Sofie Jackson,Feminino,13/07/1996
979,Wade Vincent,Masculino,21/10/2001
980,Noah Nicholls,Masculino,05/03/1998
981,Marvin Rosenbloom,Masculino,17/07/1935
982,Kendra Weldon,Feminino,17/07/1940
983,Hope Vane,Feminino,17/05/1946
984,Lindsay Griffiths,Feminino,13/08/1958
985,Tom Stanton,Masculino,27/03/1984
986,Luke Lucas,Masculino,19/07/1934
987,Anabelle Poulton,Feminino,18/08/2000
988,Aiden Burnley,Masculino,21/12/1938
989,Maribel Pearce,Feminino,13/02/1977
990,Kamila Franks,Feminino,10/04/1968
991,Mason Wright,Masculino,22/07/1979
992,Cherish Dyson,Feminino,08/08/1992
993,Adalind Clifford,Feminino,14/05/1951
994,Denis Harris,Masculino,02/09/1946
995,Martin Harrison,Masculino,25/02/1994
996,Domenic Zaoui,Masculino,22/09/1965
997,Andie Roberts,Feminino,07/03/1987
998,Carrie Dowson,Feminino,01/05/1987
999,Noah Rose,Masculino,07/05/1994
1000,Julian Attwood,Masculino,03/06/1948
1001,Angelina Kent,Feminino,07/07/2001
1002,Nicholas Vaughan,Masculino,05/06/1959
1003,Rocco Bradshaw,Masculino,23/02/1946
1004,Henry Devonport,Masculino,21/01/1946
1005,Aileen Ianson,Feminino,17/09/1938
1006,Nick Holmes,Masculino,24/07/1995
1007,Aileen Isaac,Feminino,05/09/1974
1008,Denis Pope,Masculino,18/12/1933
1009,Liam Calderwood,Masculino,29/06/1979
1010,Barry Hobbs,Masculino,21/09/1970
1011,Josh Briggs,Masculino,20/06/1950
1012,Chuck Nobbs,Masculino,08/05/1971
1013,Anthony Collis,Masculino,04/11/1980
1014,Maddison Morris,Feminino,20/10/1996
1015,Chad Blythe,Masculino,09/12/1944
1016,Josh Ingram,Masculino,12/04/1984
1017,Chad Dempsey,Masculino,04/03/1983
1018,Makenzie Cooper,Feminino,03/03/1930
1019,Manuel Sylvester,Masculino,21/11/1948
1020,Daniel Shepherd,Masculino,09/08/1932
1021,Carla Norburn,Feminino,12/02/1997
1022,Cecilia Gilmore,Feminino,24/08/1987
1023,Makena Pratt,Feminino,24/07/1968
1024,Teagan Selby,Feminino,04/03/1976
1025,Cristal Strong,Feminino,30/11/1943
1026,Denis May,Masculino,25/06/1961
1027,Isabella Coleman,Feminino,09/10/1955
1028,Henry Wright,Masculino,12/06/1943
1029,Priscilla Nayler,Feminino,26/06/1981
1030,Eduardo Everett,Masculino,10/06/1949
1031,Caleb Reyes,Masculino,05/01/1958
1032,Johnathan Thomas,Masculino,03/09/1941
1033,Britney Whittle,Feminino,07/11/1943
1034,Danny Allington,Masculino,20/02/1992
1035,Tyler Emerson,Masculino,21/01/1997
1036,Emery Moran,Feminino,19/05/1947
1037,Logan Harrison,Feminino,19/11/1945
1038,Bristol Hancock,Feminino,10/01/1965
1039,Bryon Emerson,Masculino,12/12/1988
1040,Carter Simpson,Masculino,22/04/1982
1041,Enoch Jenkin,Masculino,11/04/1932
1042,Lauren Russel,Feminino,12/03/1997
1043,Zara Taylor,Feminino,11/06/2002
1044,Logan Maxwell,Masculino,16/04/2002
1045,Rufus Burge,Masculino,01/05/1991
1046,Renee Overson,Feminino,05/03/1946
1047,Gemma Samuel,Feminino,29/08/1960
1048,Maxwell York,Masculino,10/06/1971
1049,Alan Yarlett,Masculino,01/04/1937
1050,Rocco Strong,Masculino,14/05/1986
1051,Meredith Mitchell,Feminino,11/02/1969
1052,Camellia Davies,Feminino,18/08/1956
1053,Martin Adams,Masculino,27/09/1984
1054,Sabina Pickard,Feminino,15/11/1987
1055,Diane Pitt,Feminino,03/07/1944
1056,Luke Vangness,Masculino,01/02/1962
1057,Stephanie Samuel,Feminino,05/06/1984
1058,Macy Bennett,Feminino,04/08/1978
1059,Enoch Murphy,Masculino,21/04/1949
1060,Brad Taylor,Masculino,22/01/1997
1061,Dalia Rigg,Feminino,03/10/1961
1062,Abbey Collins,Feminino,02/09/1990
1063,Elle Benfield,Feminino,13/12/1979
1064,Mary Townend,Feminino,05/10/1992
1065,Benny Swan,Masculino,06/10/1950
1066,Russel Calderwood,Masculino,05/08/1942
1067,Harriet Bishop,Feminino,23/05/1944
1068,Michael Radley,Masculino,18/07/1936
1069,Ilona Whinter,Feminino,18/10/1984
1070,Mike Gregory,Masculino,12/01/1948
1071,Lucas Terry,Masculino,17/08/1982
1072,Daron Emmott,Masculino,03/12/1968
1073,Hayden Tennant,Masculino,17/08/1959
1074,Denis Shaw,Masculino,22/12/1980
1075,Henry Thomson,Masculino,30/09/1968
1076,Gil Faulkner,Masculino,06/05/1932
1077,Barry Phillips,Masculino,10/02/1983
1078,Kimberly Yoman,Feminino,21/09/1956
1079,Anthony Stubbs,Masculino,12/04/1959
1080,Chuck Yard,Masculino,01/09/1939
1081,Janice Ianson,Feminino,25/07/1944
1082,Martin Beal,Masculino,13/11/1951
1083,Brooklyn Hobbs,Feminino,12/05/1957
1084,Angela West,Feminino,29/05/1964
1085,Tom Devonport,Masculino,08/02/1972
1086,Javier Mackenzie,Masculino,21/04/1998
1087,Jayden Brooks,Masculino,21/01/1977
1088,Danny Stone,Masculino,25/03/1980
1089,Liam Nicholls,Masculino,14/08/1985
1090,Vera Ianson,Feminino,06/02/1934
1091,Abdul Mitchell,Masculino,30/05/1972
1092,Robyn Watson,Feminino,13/09/1988
1093,Domenic Russel,Masculino,21/11/1993
1094,Samara Ainsworth,Feminino,07/02/1995
1095,Diane Verdon,Feminino,04/11/1946
1096,Lorraine Pitt,Feminino,14/05/1969
1097,Hayden Cox,Feminino,22/03/1945
1098,Logan Adams,Feminino,01/01/1999
1099,Rosalie Wilton,Feminino,04/09/1947
1100,William Pope,Masculino,09/10/1987
1101,Matthew Roman,Masculino,07/12/1956
1102,Melania Tyrrell,Feminino,11/04/1961
1103,Celina Ellis,Feminino,17/12/1946
1104,Benny Ellis,Masculino,30/07/1940
1105,Abdul Clayton,Masculino,09/06/1983
1106,Gil Walker,Masculino,17/04/1936
1107,Logan Owen,Masculino,19/03/1989
1108,Remy Ward,Feminino,20/02/1974
1109,Abbey Bentley,Feminino,31/03/1977
1110,Estrella Boden,Feminino,31/12/1999
1111,Macy Jefferson,Feminino,18/01/1930
1112,Willow Matthews,Feminino,02/03/1950
1113,Kurt Scott,Masculino,17/10/1978
1114,Anais Warner,Feminino,15/11/1994
1115,Amelia Snell,Feminino,08/01/1991
1116,Clint Shaw,Masculino,19/05/1935
1117,Sharon Lomax,Feminino,20/05/2000
1118,Danielle Hewitt,Feminino,23/02/1958
1119,Chris Mooney,Masculino,30/03/1997
1120,Russel Wooldridge,Masculino,30/06/1966
1121,George Scott,Masculino,08/01/1944
1122,Morgan Hill,Feminino,08/04/1997
1123,Alexia Ryan,Feminino,30/01/1998
1124,Johnathan Potts,Masculino,22/05/1934
1125,Russel Cowan,Masculino,18/03/1990
1126,Brad Morley,Masculino,14/09/1933
1127,Macy Barrett,Feminino,14/06/1943
1128,Cherish Dempsey,Feminino,23/11/1994
1129,Gabriel Harrington,Masculino,13/11/1986
1130,Lorraine Rogan,Feminino,30/11/1935
1131,Catherine Lucas,Feminino,05/12/1944
1132,Tess Stewart,Feminino,05/05/1998
1133,Jack Norton,Masculino,19/03/1974
1134,Joyce Upton,Feminino,19/06/1979
1135,Bristol Shaw,Feminino,17/12/1953
1136,Percy Hopkins,Masculino,03/01/1955
1137,Mara Owen,Feminino,27/04/1933
1138,Alba Drew,Feminino,07/09/1976
1139,Barney Asher,Masculino,17/09/1934
1140,Megan Poulton,Feminino,03/05/1970
1141,Jack Stevens,Masculino,25/10/1933
1142,Marie Willis,Feminino,23/03/1988
1143,Leanne Harrison,Feminino,30/04/1972
1144,Amy Wilson,Feminino,09/10/1959
1145,Bree Chapman,Feminino,14/09/1963
1146,Vicky Robinson,Feminino,24/09/1950
1147,Ethan Summers,Masculino,19/08/1998
1148,Olivia Brett,Feminino,13/12/1999
1149,Robyn Snell,Feminino,08/06/1951
1150,William Utterson,Masculino,17/02/1986
1151,Beatrice Gallacher,Feminino,10/05/1984
1152,Barney Gray,Masculino,11/10/1992
1153,Denny Exton,Masculino,24/08/1980
1154,Mya Walton,Feminino,01/05/1993
1155,Boris Andersson,Masculino,04/10/1969
1156,Caleb Patel,Masculino,06/09/1993
1157,Rebecca Lewis,Feminino,20/10/1995
1158,Meredith Foxley,Feminino,17/11/1938
1159,Clint Dempsey,Masculino,09/10/1956
1160,Adina Saunders,Feminino,09/09/1933
1161,Jasmine Allen,Feminino,04/11/1934
1162,Francesca Matthews,Feminino,29/10/1999
1163,Rosalyn Morgan,Feminino,04/08/1979
1164,Bree Villiger,Feminino,09/10/1950
1165,Denis Lane,Masculino,27/10/1964
1166,Emma Kelly,Feminino,19/10/1943
1167,Liv Mcnally,Feminino,30/06/1965
1168,Angelique Cox,Feminino,22/06/1979
1169,Belinda Mason,Feminino,11/04/1963
1170,Russel Blackburn,Masculino,21/08/1944
1171,Rosalie Goldsmith,Feminino,22/10/1956
1172,Violet Bailey,Feminino,06/10/1963
1173,Enoch Clarke,Masculino,07/11/1986
1174,Julian Simpson,Masculino,13/06/1949
1175,Joseph Emerson,Masculino,16/03/1931
1176,Kamila Shaw,Feminino,26/02/1986
1177,Angelina Quinnell,Feminino,04/12/1943
1178,Nate Shaw,Masculino,02/08/1930
1179,Adalind Ellis,Feminino,06/05/1971
1180,Leroy Cox,Masculino,01/04/1965
1181,Jayden Taylor,Masculino,25/12/1951
1182,George Mills,Masculino,29/03/1937
1183,Tyson Faulkner,Masculino,07/11/1949
1184,Mason Gordon,Masculino,12/01/2000
1185,Mavis Campbell,Feminino,27/03/1970
1186,Peter Tennant,Masculino,05/01/1980
1187,Cherish Myatt,Feminino,05/03/1999
1188,Jolene Blackwall,Feminino,18/07/1935
1189,Deborah Bailey,Feminino,11/05/1930
1190,Nick Armstrong,Masculino,16/09/1975
1191,Aileen Vaughn,Feminino,21/06/1950
1192,Harry Dwyer,Masculino,07/05/1970
1193,Alessia Allcott,Feminino,22/03/1955
1194,Anthony Fox,Masculino,10/02/1931
1195,Gabriel Rogan,Masculino,24/03/2000
1196,Erick Dallas,Masculino,01/12/1942
1197,Javier Nelson,Masculino,18/10/1957
1198,Valentina Kent,Feminino,24/11/1968
1199,Alan Griffiths,Masculino,13/08/1932
1200,Chad Huggins,Masculino,16/09/1958
1201,Daron Radley,Masculino,21/06/1940
1202,Irene Rowe,Feminino,09/01/2002
1203,Rosalee Andrews,Feminino,10/01/1988
1204,Andrea Talbot,Feminino,02/01/1992
1205,Ivette Watson,Feminino,10/02/1954
1206,Bart Dowson,Masculino,26/06/1967
1207,Logan Rixon,Feminino,29/04/1976
1208,Rosalyn Bowen,Feminino,05/11/1958
1209,Lucy Jenkins,Feminino,10/10/1933
1210,Noah Gardner,Masculino,17/03/1983
1211,Evelynn Raven,Feminino,26/05/1934
1212,Destiny Higgs,Feminino,29/06/1968
1213,Doris Uddin,Feminino,16/02/1962
1214,Kassandra Sloan,Feminino,07/12/1974
1215,Daron Ventura,Masculino,02/11/1981
1216,Brad Stewart,Masculino,06/03/1952
1217,Luke Logan,Masculino,12/01/1943
1218,Michael Duvall,Masculino,31/03/1943
1219,Hank Hunter,Masculino,26/02/1931
1220,Nate Boden,Masculino,28/04/1959
1221,Lana Clarke,Feminino,18/04/1983
1222,Benny Tait,Masculino,08/06/1945
1223,Carina Stevens,Feminino,05/08/2000
1224,Johnathan Roberts,Masculino,21/10/2001
1225,Rowan Glynn,Feminino,05/08/1993
1226,Thea Larkin,Feminino,06/09/1940
1227,Maia Vane,Feminino,28/11/1970
1228,Josephine West,Feminino,12/10/1968
1229,Sofia Lane,Feminino,31/12/1940
1230,Carl Randall,Masculino,15/01/1991
1231,Greta Pickard,Feminino,12/03/1997
1232,Chris Reynolds,Masculino,23/01/1939
1233,Moira Rivers,Feminino,08/04/1980
1234,Tania Burnley,Feminino,29/04/1990
1235,Rowan Shields,Feminino,21/10/1956
1236,Ramon Gates,Masculino,23/10/1958
1237,Regina Samuel,Feminino,05/05/1971
1238,Noah Jennson,Masculino,23/08/1941
1239,Angela Reid,Feminino,29/06/1933
1240,Abdul Bayliss,Masculino,06/09/1965
1241,Violet Moreno,Feminino,17/01/1947
1242,Stephanie Oatway,Feminino,23/11/1969
1243,Benjamin Kelly,Masculino,02/02/2001
1244,Meredith Bradley,Feminino,07/03/1993
1245,Tiffany Jones,Feminino,11/09/1932
1246,Keira Squire,Feminino,29/09/1973
1247,Javier Allcott,Masculino,08/09/1979
1248,Rick Shea,Masculino,02/05/1957
1249,Jacob Mcgee,Masculino,25/12/1980
1250,Elijah Jefferson,Masculino,20/02/1958
1251,Erick Kirby,Masculino,19/10/1951
1252,Iris Osmond,Feminino,18/03/1988
1253,Chadwick Logan,Masculino,09/04/1980
1254,Carter Shaw,Masculino,01/09/1979
1255,Nick Notman,Masculino,21/03/1988
1256,Nicholas Stewart,Masculino,23/10/1958
1257,Emery Whinter,Feminino,21/12/1934
1258,Chris Lambert,Masculino,20/04/1959
1259,Bryce Richards,Feminino,04/06/1992
1260,Jazmin Ramsey,Feminino,25/08/2000
1261,Erica Neville,Feminino,22/06/1971
1262,Melody Lee,Feminino,06/05/1977
1263,Raquel Shelton,Feminino,05/01/2002
1264,Stacy Craig,Feminino,07/02/2001
1265,William Edley,Masculino,17/08/1974
1266,Jack Ingram,Masculino,07/01/1987
1267,Gloria Woodley,Feminino,26/02/1982
1268,Elle Jenkins,Feminino,02/11/1979
1269,Hayden Wild,Masculino,23/10/1974
1270,Eduardo Shields,Masculino,11/12/1993
1271,Shay Ryan,Feminino,21/01/1951
1272,Janelle Lindsay,Feminino,04/11/1977
1273,Goldie Funnell,Feminino,19/06/1975
1274,Alison Robertson,Feminino,05/01/1983
1275,Stephanie Hope,Feminino,29/11/1998
1276,Alma Bowen,Feminino,05/02/1987
1277,Carl Buckley,Masculino,13/06/1996
1278,Adalind Rigg,Feminino,25/04/1982
1279,Leilani Stone,Feminino,21/09/1962
1280,Jules Bloom,Feminino,04/07/1945
1281,Karla Styles,Feminino,15/08/1943
1282,Rose Connell,Feminino,19/03/1969
1283,Alessia Lindsay,Feminino,16/01/2001
1284,Clint Utterson,Masculino,20/09/1996
1285,Carmen Oatway,Feminino,03/11/1999
1286,Trisha Roman,Feminino,26/07/1934
1287,Angelique Hilton,Feminino,23/07/1937
1288,Winnie Whittle,Feminino,31/12/1961
1289,Livia Atkinson,Feminino,10/11/1970
1290,Sofia Fox,Feminino,06/07/1994
1291,Johnathan Donnelly,Masculino,28/11/1950
1292,Liam Marshall,Masculino,29/12/1992
1293,Kieth Lucas,Masculino,12/01/1990
1294,Deborah Jarvis,Feminino,06/06/1997
1295,Wendy Khan,Feminino,16/03/1946
1296,Caleb Power,Masculino,29/06/1930
1297,Lexi Reading,Feminino,10/04/1988
1298,Rihanna Lewis,Feminino,13/11/1968
1299,Jazmin Addis,Feminino,25/05/1953
1300,Bree Penn,Feminino,21/06/2000
1301,Catherine Ingram,Feminino,28/10/1979
1302,Cecilia Vinton,Feminino,17/11/1944
1303,Benny James,Masculino,11/04/1991
1304,Kieth Ianson,Masculino,15/07/1982
1305,Nathan Lynch,Masculino,11/09/1994
1306,Benjamin Ranks,Masculino,14/02/1984
1307,Elijah Exton,Masculino,04/03/1988
1308,Marilyn Reese,Feminino,02/06/1937
1309,Gloria Woodcock,Feminino,06/08/1932
1310,Kimberly Hogg,Feminino,31/03/1946
1311,Doug Weldon,Masculino,11/12/1981
1312,Melinda Noach,Feminino,27/05/1972
1313,Julian Owens,Masculino,28/12/1947
1314,Enoch Hill,Masculino,28/01/1965
1315,Belinda Howard,Feminino,18/08/1971
1316,Boris Lewis,Masculino,07/10/1975
1317,Evelynn Butler,Feminino,03/05/1949
1318,Candace Shields,Feminino,22/05/1959
1319,Jacob Dunbar,Masculino,05/01/1994
1320,Russel Weston,Masculino,28/08/1972
1321,Danny Walker,Masculino,13/04/1965
1322,Aurelia Strong,Feminino,29/06/1979
1323,Thea Ross,Feminino,13/12/1948
1324,Vivian King,Feminino,06/04/1977
1325,Holly Wood,Feminino,16/02/1967
1326,Davina Knight,Feminino,07/10/1939
1327,Oliver Paterson,Masculino,01/12/1969
1328,Henry Gosling,Masculino,25/12/1953
1329,Tony Blackwall,Masculino,21/02/1986
1330,Ethan Rixon,Masculino,22/02/1959
1331,Daphne Ross,Feminino,02/11/1962
1332,Kurt Rowlands,Masculino,22/07/1991
1333,Gil Lindsay,Masculino,29/08/1980
1334,Jayden Quinton,Masculino,20/02/1950
1335,Eden Whinter,Feminino,20/03/1953
1336,Valentina Stuart,Feminino,20/11/1940
1337,Daron Ebden,Masculino,04/02/1955
1338,Samara Plumb,Feminino,30/04/1999
1339,Kassandra Walker,Feminino,26/09/1994
1340,Liv Quinnell,Feminino,17/06/1988
1341,Courtney Hope,Feminino,16/08/1950
1342,Lindsay Radley,Feminino,30/10/1949
1343,Phillip Weston,Masculino,16/08/1982
1344,Kieth Lambert,Masculino,29/09/2002
1345,Ramon Higgs,Masculino,30/04/1969
1346,Owen Myatt,Masculino,19/08/1980
1347,Carl Redwood,Masculino,20/04/1965
1348,Ramon Isaac,Masculino,04/01/1955
1349,Ryan Trent,Masculino,03/04/1957
1350,Rhea Woodcock,Feminino,31/01/1999
1351,Juliette Allcott,Feminino,29/03/2000
1352,Rae Moreno,Feminino,10/08/1987
1353,Rocco Torres,Masculino,09/02/1952
1354,Nate Mills,Masculino,13/04/1953
1355,Matthew Walter,Masculino,28/07/1943
1356,Clint Irwin,Masculino,20/03/1980
1357,Robyn Williams,Feminino,26/09/1931
1358,Rae Andrews,Feminino,14/11/1983
1359,Ally Rehman,Feminino,21/09/1975
1360,Nathan Grady,Masculino,29/09/1953
1361,John Clarke,Masculino,13/11/1985
1362,Logan Edwards,Masculino,27/12/1934
1363,Nick Noon,Masculino,03/12/1941
1364,Julius Nicolas,Masculino,22/07/1969
1365,Catherine Vane,Feminino,11/08/1930
1366,Emmanuelle Payne,Feminino,09/07/1970
1367,Hayden Wilton,Masculino,29/04/1980
1368,Chelsea Johnson,Feminino,18/08/1964
1369,Carla Downing,Feminino,28/08/2001
1370,Jessica Yarwood,Feminino,02/07/1960
1371,Kieth Cooper,Masculino,21/07/1939
1372,Mya Bradley,Feminino,07/08/1991
1373,Matthew Rogers,Masculino,03/08/1987
1374,Russel Redwood,Masculino,02/03/1945
1375,Matthew Dixon,Masculino,23/09/1968
1376,Chadwick Doherty,Masculino,12/09/1994
1377,Melania Cartwright,Feminino,30/11/1953
1378,Penny Emerson,Feminino,07/12/1985
1379,Eileen Dunbar,Feminino,23/06/1951
1380,Chris Mason,Masculino,06/10/1930
1381,Leilani Hudson,Feminino,13/11/1948
1382,Henry Stewart,Masculino,20/04/1987
1383,Aileen Riley,Feminino,12/10/1930
1384,Brad Bishop,Masculino,28/12/1953
1385,Aisha London,Feminino,14/06/1946
1386,Makena Jobson,Feminino,17/03/1962
1387,John Patel,Masculino,18/07/1970
1388,Fiona Pickard,Feminino,20/06/1967
1389,Nina Russell,Feminino,14/04/1955
1390,Vivian Powell,Feminino,15/11/1946
1391,Shelby Warren,Feminino,31/10/1998
1392,Karla Cartwright,Feminino,11/04/1942
1393,Robyn Welsch,Feminino,24/02/1985
1394,Sydney Butler,Feminino,14/05/1931
1395,Isla Newton,Feminino,09/04/1940
1396,Alessandra Smith,Feminino,22/09/1981
1397,Doug Woods,Masculino,27/11/1979
1398,Britney Bullock,Feminino,01/05/1938
1399,Chloe Keys,Feminino,18/03/1991
1400,Chad Vaughan,Masculino,13/07/1962
1401,Gloria Calderwood,Feminino,03/08/1957
1402,Phillip Uttridge,Masculino,17/06/1985
1403,Alexander Snell,Masculino,20/12/1936
1404,Chris Boden,Masculino,21/11/1979
1405,John Hopkinson,Masculino,11/12/1988
1406,Chuck Kelly,Masculino,27/05/1983
1407,Mike Marshall,Masculino,05/09/1988
1408,Jacqueline Dwyer,Feminino,05/10/1962
1409,Nate Ward,Masculino,16/09/1999
1410,Greta Darcy,Feminino,12/04/1976
1411,Harry Taylor,Masculino,07/10/1978
1412,Vivian Vaughn,Feminino,04/02/1936
1413,Julius Appleton,Masculino,31/05/1979
1414,Rihanna Cork,Feminino,27/05/1979
1415,Daron Niles,Masculino,02/04/1980
1416,Erick Thompson,Masculino,26/07/1984
1417,Chloe Plant,Feminino,10/06/1968
1418,Alex Eastwood,Feminino,25/06/1963
1419,Raquel Rogers,Feminino,25/10/1933
1420,Ron Vangness,Masculino,08/04/1995
1421,Enoch Janes,Masculino,22/12/1987
1422,Mike Butler,Masculino,23/09/1983
1423,Joseph Kirby,Masculino,06/04/1996
1424,Rosa Watson,Feminino,01/10/2001
1425,Leah Aldridge,Feminino,28/12/1994
1426,Anthony Veale,Masculino,02/12/1931
1427,Molly Rigg,Feminino,29/09/1981
1428,Julia Grant,Feminino,17/08/1991
1429,Daniel Swan,Masculino,14/09/1977
1430,Boris Santos,Masculino,17/01/1986
1431,Benny Jones,Masculino,13/06/1983
1432,Mark Gray,Masculino,14/11/1962
1433,Chloe Rowan,Feminino,26/09/1940
1434,Megan Williams,Feminino,31/12/1950
1435,Bree Oakley,Feminino,24/09/1961
1436,Jacob White,Masculino,20/09/1995
1437,Brad York,Masculino,10/11/1998
1438,George Taylor,Masculino,12/10/1971
1439,Lara Stone,Feminino,23/04/1934
1440,Jayden Farmer,Masculino,08/02/1993
1441,Gabriel Martin,Masculino,21/11/1933
1442,Ilona Oliver,Feminino,31/08/1979
1443,Candace Chappell,Feminino,09/08/1937
1444,Anthony Dickson,Masculino,02/01/1943
1445,Alba Selby,Feminino,27/11/1976
1446,Logan Lomax,Feminino,01/06/1963
1447,Daron Collins,Masculino,13/05/1980
1448,Ryan Spencer,Masculino,09/08/1957
1449,Jack Mcnally,Masculino,30/10/1947
1450,Chadwick Owen,Masculino,26/05/1997
1451,Hayden Vallory,Masculino,02/11/1984
1452,Julius Leslie,Masculino,18/01/1997
1453,Denis Michael,Masculino,04/12/1943
1454,Johnny Morrow,Masculino,22/04/1945
1455,Michael Emmett,Masculino,16/01/1937
1456,Rose Oliver,Feminino,21/08/1985
1457,Blake Zaoui,Feminino,12/07/1955
1458,Bart Morgan,Masculino,22/07/1985
1459,Abdul Graves,Masculino,12/09/1997
1460,Manuel Broomfield,Masculino,17/01/1958
1461,Camden Stone,Feminino,02/12/1938
1462,Noah Lloyd,Masculino,12/06/1947
1463,Ron Ianson,Masculino,08/09/1967
1464,Louise Ripley,Feminino,17/06/2000
1465,Fiona Styles,Feminino,30/05/1976
1466,Rocco Mcgregor,Masculino,07/09/1983
1467,Aurelia Wills,Feminino,24/06/1960
1468,Martin Ward,Masculino,01/05/1943
1469,Makenzie Burge,Feminino,08/01/1993
1470,Nate Pearce,Masculino,02/01/1961
1471,Alexander Vallory,Masculino,20/01/1992
1472,Gemma Ward,Feminino,06/10/1960
1473,Elly Lucas,Feminino,30/03/1970
1474,Luna May,Feminino,08/06/1993
1475,Rocco Shea,Masculino,21/09/1977
1476,Shelby Addis,Feminino,28/01/2000
1477,Emery Rodwell,Feminino,06/10/1972
1478,Leslie Vincent,Feminino,27/04/1996
1479,Rosalyn Wheeler,Feminino,16/03/1933
1480,Aiden Holt,Masculino,30/12/1950
1481,Carter Herbert,Masculino,04/05/1982
1482,Dani Steer,Feminino,24/12/1997
1483,Alex John,Feminino,17/03/1933
1484,Harry Townend,Masculino,18/08/1993
1485,Carmella Appleton,Feminino,14/02/1931
1486,Daron Welsch,Masculino,02/12/1993
1487,Melania James,Feminino,04/05/1934
1488,Tom Wade,Masculino,18/05/1984
1489,Nathan Chester,Masculino,17/10/1945
1490,Daron Murray,Masculino,08/07/1946
1491,Maribel Hardwick,Feminino,21/03/1974
1492,Ruby Vinton,Feminino,09/12/1957
1493,Hank Morris,Masculino,04/05/1936
1494,Chloe Lane,Feminino,05/08/1989
1495,Ethan Olson,Masculino,04/04/1982
1496,Cara Eastwood,Feminino,15/11/1978
1497,Benjamin Parr,Masculino,26/08/1935
1498,Tania Brooks,Feminino,30/04/1990
1499,Elise Lynch,Feminino,09/02/1985
1500,Chadwick Allen,Masculino,02/08/1955
1501,Lara Corbett,Feminino,04/11/1950
1502,John Antcliff,Masculino,28/03/1977
1503,Johnathan Wellington,Masculino,31/07/1994
1504,Bryon Hall,Masculino,03/12/1987
1505,Maia Nash,Feminino,06/11/1936
1506,Aiden Locke,Masculino,01/03/1987
1507,Elijah Garcia,Masculino,14/02/1932
1508,Michael Stark,Masculino,13/03/1972
1509,Denis Pearson,Masculino,13/10/1938
1510,Havana Crawley,Feminino,15/11/1941
1511,Erick Garcia,Masculino,20/09/1988
1512,Carrie Patel,Feminino,19/01/1961
1513,Roger Ashwell,Masculino,24/09/1993
1514,Leilani Harrison,Feminino,06/08/1994
1515,Boris Salt,Masculino,23/12/1967
1516,Chelsea Noon,Feminino,10/03/1995
1517,Daphne Clarke,Feminino,17/09/1971
1518,Benjamin Fenton,Masculino,23/11/1958
1519,David Johnson,Masculino,13/05/1997
1520,Barney Roscoe,Masculino,03/12/1991
1521,Anabel Rogers,Feminino,06/06/1993
1522,Sharon Campbell,Feminino,17/03/1945
1523,Elise Swift,Feminino,25/04/1994
1524,Benny Saunders,Masculino,29/04/1961
1525,Elijah Adams,Masculino,29/12/1967
1526,Gil Jackson,Masculino,31/12/1956
1527,George Thompson,Masculino,01/01/1949
1528,Rocco Harper,Masculino,20/08/1977
1529,George Selby,Masculino,21/04/1930
1530,Evelynn Atkinson,Feminino,20/06/1940
1531,Liam Hill,Masculino,25/06/1942
1532,Maxwell Adams,Masculino,19/03/1953
1533,Anabel Rodwell,Feminino,17/05/1994
1534,Doug Shaw,Masculino,03/06/1949
1535,Rosemary Pickard,Feminino,29/01/1956
1536,Chadwick Ripley,Masculino,11/12/1931
1537,Mara Irwin,Feminino,01/06/1999
1538,Kenzie Reynolds,Feminino,17/06/1954
1539,Maddison Verdon,Feminino,01/07/1976
1540,William Davies,Masculino,26/09/1959
1541,Daphne Addis,Feminino,08/10/1955
1542,Esmeralda Martin,Feminino,09/07/1938
1543,Daron Warren,Masculino,06/09/1972
1544,Harry Cox,Masculino,16/06/1987
1545,Dorothy Brooks,Feminino,06/04/1997
1546,Liam Graham,Masculino,19/12/1993
1547,Dalia Flett,Feminino,15/12/1940
1548,Wendy Reyes,Feminino,09/10/1986
1549,Noemi Stewart,Feminino,21/07/2001
1550,Tyler Zaoui,Masculino,11/09/1954
1551,Javier Becker,Masculino,03/03/1953
1552,Colleen Sylvester,Feminino,01/08/2000
1553,Sloane Bullock,Feminino,01/10/1961
1554,Carl Campbell,Masculino,31/07/2002
1555,Manuel Stevenson,Masculino,13/06/1933
1556,Manuel Wren,Masculino,05/03/1980
1557,Oliver Ellison,Masculino,21/01/1987
1558,Ciara Keys,Feminino,05/01/1949
1559,Carla Henderson,Feminino,25/04/1990
1560,Karla Robertson,Feminino,23/01/1936
1561,Chloe Mitchell,Feminino,14/06/1953
1562,Callie Davies,Feminino,19/01/1998
1563,Bryon Keys,Masculino,07/03/1941
1564,Lindsay Chapman,Feminino,18/09/1935
1565,Alexander Simpson,Masculino,05/03/1934
1566,Jayden Overson,Masculino,30/03/1957
1567,Angelina Tennant,Feminino,03/06/1931
1568,Julian Lakey,Masculino,03/06/1958
1569,Johnathan Ogilvy,Masculino,25/09/1941
1570,Doug Wilton,Masculino,07/06/1972
1571,Carl Allcott,Masculino,08/01/2002
1572,Domenic Franks,Masculino,23/08/1948
1573,Marina Phillips,Feminino,10/05/1961
1574,Noah Quinton,Masculino,23/08/1957
1575,Rocco Radley,Masculino,09/02/1931
1576,Isla Ellison,Feminino,12/01/1946
1577,Skylar Oakley,Feminino,09/11/2001
1578,Noemi Parr,Feminino,10/03/1934
1579,Chris Bell,Masculino,29/06/1997
1580,Eden Ward,Feminino,02/02/1986
1581,Courtney Swan,Feminino,30/12/1946
1582,Shay Saunders,Feminino,23/01/1983
1583,Barry Simpson,Masculino,11/01/1934
1584,Rosemary Logan,Feminino,07/08/1985
1585,Payton Snow,Feminino,26/02/2001
1586,Hank Brennan,Masculino,02/12/2000
1587,Denny Simpson,Masculino,01/02/1958
1588,Erick Fisher,Masculino,03/06/1969
1589,Lucas Kirby,Masculino,27/07/1990
1590,Elijah Thomson,Masculino,24/04/1937
1591,Peyton Oldfield,Feminino,19/08/1978
1592,Marvin Riley,Masculino,29/04/1948
1593,Nate Davies,Masculino,19/12/1937
1594,William Murphy,Masculino,01/06/1951
1595,Luke Cattell,Masculino,19/10/1989
1596,Felicity Flynn,Feminino,20/02/1980
1597,Johnathan Cooper,Masculino,14/06/1936
1598,Elena Kennedy,Feminino,18/12/1993
1599,Cedrick Boyle,Masculino,19/10/1959
1600,Noah Wren,Masculino,17/06/1969
1601,Jack Jenkin,Masculino,13/04/1980
1602,Bridget Adams,Feminino,28/04/1937
1603,Clint Andrews,Masculino,27/09/1970
1604,Bart Hunter,Masculino,23/04/1989
1605,Denny Varley,Masculino,24/01/1981
1606,Johnny Griffiths,Masculino,23/06/1940
1607,Macy Harrington,Feminino,22/06/1936
1608,Diane Parker,Feminino,24/09/1971
1609,Sara Walton,Feminino,23/02/1943
1610,Josh Hall,Masculino,11/07/1974
1611,Alba Whitehouse,Feminino,17/10/1972
1612,Sienna Harvey,Feminino,04/03/1975
1613,Destiny Hunt,Feminino,02/10/1958
1614,Daniel Gallacher,Masculino,28/09/1985
1615,Mabel Jenkins,Feminino,29/07/1960
1616,Irene Craig,Feminino,27/06/1931
1617,Percy Shelton,Masculino,23/12/1938
1618,Gwenyth Fowler,Feminino,20/06/1934
1619,Mason Harrison,Masculino,09/04/1935
1620,Daria Mitchell,Feminino,18/02/1986
1621,Leslie Moore,Feminino,06/11/1935
1622,Paula Shaw,Feminino,12/03/1997
1623,Bristol Willson,Feminino,01/12/1999
1624,Wade Parker,Masculino,10/09/1981
1625,Peter Camden,Masculino,14/04/1969
1626,Jolene Slater,Feminino,19/02/1976
1627,Harry Cowan,Masculino,01/06/1949
1628,Rufus Trent,Masculino,25/01/1962
1629,Elle Ellis,Feminino,25/11/1960
1630,Eduardo Sylvester,Masculino,20/07/1998
1631,Vanessa Eyres,Feminino,25/11/1932
1632,Ryan Mills,Masculino,02/06/1934
1633,Marvin Miller,Masculino,20/05/1972
1634,John Bristow,Masculino,02/03/1932
1635,Ellen Edmonds,Feminino,26/05/1945
1636,Dalia Windsor,Feminino,09/11/1936
1637,Melania Oldfield,Feminino,08/07/1999
1638,Josh Neville,Masculino,20/01/1961
1639,Daron Tailor,Masculino,24/08/1962
1640,Marigold Jones,Feminino,09/12/1935
1641,Marla Redfern,Feminino,31/08/1940
1642,Mike Jones,Masculino,21/08/1948
1643,Florence Abbey,Feminino,07/06/1998
1644,John Gregory,Masculino,10/11/1966
1645,Nicholas Selby,Masculino,14/06/1981
1646,Benjamin Wright,Masculino,27/12/1968
1647,Aeris Pierce,Feminino,28/11/1987
1648,Faith Stanton,Feminino,23/03/1999
1649,Hayden Walsh,Masculino,27/05/1995
1650,Hayden Tobin,Masculino,21/09/1957
1651,Julian Mccall,Masculino,28/11/1952
1652,Caleb Stanton,Masculino,09/01/1939
1653,Andie Walsh,Feminino,27/02/1944
1654,Danny Blythe,Masculino,07/01/1954
1655,Matt Simpson,Masculino,24/07/1960
1656,Emma Norman,Feminino,14/06/1978
1657,Carmen Nelson,Feminino,04/05/1963
1658,Felicity Moran,Feminino,21/11/1967
1659,Luke Brock,Masculino,28/05/1936
1660,Harry Olivier,Masculino,29/05/1993
1661,Lucas Hunter,Masculino,17/08/1944
1662,Lucas Gibbons,Masculino,21/09/1972
1663,Melinda Niles,Feminino,18/02/1962
1664,Joyce Cann,Feminino,06/04/1989
1665,Sasha Rigg,Feminino,15/01/1981
1666,Lillian Briggs,Feminino,05/06/1961
1667,Havana Uttley,Feminino,12/09/1964
1668,Teagan Clayton,Feminino,02/08/1957
1669,Marigold Wellington,Feminino,23/04/2000
1670,Adela Randall,Feminino,21/06/2001
1671,Sofie Evans,Feminino,15/09/1982
1672,Anthony Dillon,Masculino,03/03/1968
1673,Ethan Hobson,Masculino,27/03/1993
1674,Jacob Walsh,Masculino,27/09/1975
1675,Jack Whitehouse,Masculino,29/03/1988
1676,Quinn Addison,Feminino,15/12/1978
1677,Raquel Wood,Feminino,01/07/1992
1678,Katelyn Dempsey,Feminino,20/03/1965
1679,Cameron Norris,Feminino,04/05/1976
1680,Gemma Bishop,Feminino,06/01/1974
1681,Elly Richardson,Feminino,24/09/1969
1682,Mark Ingham,Masculino,25/04/1982
1683,Marilyn Warren,Feminino,03/08/1955
1684,Denny Adler,Masculino,27/11/1967
1685,Daphne Vince,Feminino,12/06/1998
1686,Claire Andersson,Feminino,18/11/1965
1687,Cassidy Gilmour,Feminino,21/04/1997
1688,Davina Shields,Feminino,30/09/1947
1689,Bree Parker,Feminino,17/08/1989
1690,Rose Mason,Feminino,12/10/1970
1691,Maya Chester,Feminino,11/09/1936
1692,Summer Eyres,Feminino,16/05/1945
1693,Elijah Hope,Masculino,18/01/1987
1694,Doris White,Feminino,13/06/1946
1695,Percy Everett,Masculino,07/06/1963
1696,Harry Forth,Masculino,27/02/1947
1697,Josephine Wright,Feminino,28/05/1944
1698,Lucy Milner,Feminino,14/03/1943
1699,Owen Wellington,Masculino,18/08/1946
1700,Mike Allington,Masculino,04/01/1971
1701,Ethan Khan,Masculino,29/01/1946
1702,Tyler Jarvis,Masculino,17/07/1956
1703,Oliver Grant,Masculino,30/03/1986
1704,Margaret Addison,Feminino,13/05/1936
1705,Jacob Ellis,Masculino,09/04/1959
1706,Owen Ryan,Masculino,07/11/1943
1707,Brad Hill,Masculino,12/02/1959
1708,Eduardo Squire,Masculino,23/11/1956
1709,Jacob Gardner,Masculino,13/07/1938
1710,Cecilia Evans,Feminino,20/02/1932
1711,Judith Underhill,Feminino,12/04/1968
1712,Sebastian Wilcox,Masculino,13/11/1940
1713,Benny Sanchez,Masculino,24/06/1931
1714,Sharon Wood,Feminino,07/01/1972
1715,Norah Flett,Feminino,19/05/1940
1716,Chuck Russel,Masculino,30/01/1934
1717,Tom Morris,Masculino,25/02/1958
1718,Michelle Whitehouse,Feminino,01/06/1968
1719,Stephanie Hale,Feminino,08/09/1997
1720,Julian Irving,Masculino,07/09/1945
1721,Jayden Mcnally,Masculino,05/12/1973
1722,Rick Bloom,Masculino,12/01/1974
1723,Adalind Harrison,Feminino,06/07/1963
1724,Valentina Clarke,Feminino,19/09/1932
1725,Harry Whittle,Masculino,14/03/1997
1726,Valerie Hastings,Feminino,18/04/1937
1727,Nicholas Whatson,Masculino,18/10/1994
1728,Ramon Bailey,Masculino,22/08/1931
1729,Keira Shepherd,Feminino,03/09/1954
1730,Colleen Simpson,Feminino,16/02/1931
1731,Marigold Douglas,Feminino,04/11/1978
1732,William Townend,Masculino,21/07/1947
1733,Adalie Richards,Feminino,21/04/1992
1734,Renee Bayliss,Feminino,02/05/1968
1735,Daron Wright,Masculino,18/10/1999
1736,Holly Button,Feminino,16/07/1949
1737,Katelyn Campbell,Feminino,30/08/1938
1738,John Paterson,Masculino,11/11/1980
1739,Ronald London,Masculino,22/06/1957
1740,Wade Walsh,Masculino,18/02/1985
1741,Lauren Dillon,Feminino,19/10/1974
1742,Matthew Nobbs,Masculino,02/01/1969
1743,Margaret Yarwood,Feminino,16/01/1950
1744,Julius Jones,Masculino,02/12/1977
1745,Daron Ralph,Masculino,28/02/1972
1746,Fred Williams,Masculino,01/01/1998
1747,Ronald Herbert,Masculino,30/03/1969
1748,Eduardo Vaughan,Masculino,05/03/1938
1749,Tony Bingham,Masculino,03/01/1986
1750,Melanie Bowen,Feminino,02/08/1961
1751,Alessandra Brown,Feminino,13/04/1934
1752,Marvin Collingwood,Masculino,12/12/1972
1753,Caydence Egerton,Feminino,09/11/1999
1754,Christy Freeburn,Feminino,19/05/1966
1755,Eduardo Norris,Masculino,24/08/1993
1756,Matthew Palmer,Masculino,01/10/1963
1757,Hayden Nayler,Feminino,17/06/1979
1758,Melody Riley,Feminino,07/02/1937
1759,Aeris Woodley,Feminino,05/10/1974
1760,Rick Squire,Masculino,04/10/1985
1761,Anne Owens,Feminino,21/03/1955
1762,Nicole Gosling,Feminino,06/07/1987
1763,Chad Locke,Masculino,14/11/1934
1764,Gladys Vallory,Feminino,18/11/1940
1765,Janelle Wilson,Feminino,23/12/1951
1766,Erick Edley,Masculino,19/10/1964
1767,Angela Roberts,Feminino,30/11/2000
1768,Holly Rycroft,Feminino,08/11/1952
1769,Liam Walsh,Masculino,10/09/1994
1770,Adalie Mcleod,Feminino,12/07/1975
1771,Maddison Pratt,Feminino,22/01/1937
1772,Margaret Moore,Feminino,13/12/1947
1773,Emely Weasley,Feminino,26/08/1988
1774,Emma Jobson,Feminino,20/08/1961
1775,Henry James,Masculino,02/12/1941
1776,Amelia Weldon,Feminino,23/03/2001
1777,Ron Edler,Masculino,10/05/1976
1778,Evie Sloan,Feminino,03/09/1960
1779,Ember Robinson,Feminino,03/01/1964
1780,Lillian Jacobs,Feminino,12/02/1951
1781,Chester Collins,Masculino,10/01/1980
1782,Luke Flack,Masculino,15/11/1970
1783,Helen Upsdell,Feminino,02/08/1999
1784,Goldie Cattell,Feminino,18/06/1996
1785,Marina Hogg,Feminino,28/06/1944
1786,Harvey Collins,Masculino,22/07/1940
1787,Stacy Lindop,Feminino,03/02/1986
1788,Josephine Tutton,Feminino,08/06/1993
1789,Carina Shields,Feminino,03/01/1937
1790,Daria Wheeler,Feminino,04/04/1989
1791,Danny Butler,Masculino,10/04/1989
1792,Sofia Whatson,Feminino,19/12/1930
1793,Leroy Alldridge,Masculino,16/11/1963
1794,Chris Overson,Masculino,25/04/1985
1795,Trisha Anderson,Feminino,13/02/1981
1796,Elijah Sheldon,Masculino,15/08/1970
1797,Cedrick Walker,Masculino,28/02/1930
1798,Mina Whittle,Feminino,19/11/1942
1799,Iris Whittle,Feminino,27/07/1955
1800,Abdul Stone,Masculino,23/02/1981
1801,Jackeline Dwyer,Feminino,04/05/1946
1802,Chris Rosenbloom,Masculino,06/01/1989
1803,Estrella Radley,Feminino,07/01/1980
1804,Johnny Herbert,Masculino,09/10/1954
1805,Daron Jarvis,Masculino,31/01/1957
1806,Denny Malone,Masculino,08/10/1975
1807,Michael Anderson,Masculino,18/08/1997
1808,Kimberly Brown,Feminino,20/07/1967
1809,Jade Poulton,Feminino,01/07/1981
1810,Marigold Hepburn,Feminino,30/11/1965
1811,Chad Gray,Masculino,06/02/1979
1812,Penelope Sherry,Feminino,18/01/1933
1813,Wade Yarlett,Masculino,27/01/1996
1814,Russel Dempsey,Masculino,11/05/1933
1815,Erick Plant,Masculino,13/01/1969
1816,Luke Simpson,Masculino,15/12/1977
1817,Marilyn Bristow,Feminino,10/06/1975
1818,Chanelle Holmes,Feminino,26/03/1968
1819,Liam Gordon,Masculino,14/09/1974
1820,Matthew Forth,Masculino,08/06/1941
1821,Rosalee Foxley,Feminino,12/06/1959
1822,Benjamin Hammond,Masculino,10/07/1930
1823,Shannon Dwyer,Feminino,18/05/1967
1824,Harvey Umney,Masculino,11/10/1967
1825,Jocelyn Oakley,Feminino,03/02/1955
1826,Alan Dale,Masculino,23/09/1977
1827,Regina Henderson,Feminino,04/05/1984
1828,Lucas Campbell,Masculino,15/11/1948
1829,Charlize Vernon,Feminino,16/01/1941
1830,Hannah Sanchez,Feminino,03/05/1992
1831,Rick Robertson,Masculino,18/03/1971
1832,Liliana Steer,Feminino,15/11/1968
1833,Barney Thorne,Masculino,23/01/1940
1834,Wendy Long,Feminino,14/06/1990
1835,Blake Latham,Feminino,06/06/1976
1836,Emma Reynolds,Feminino,26/10/1996
1837,Ramon Latham,Masculino,18/07/1999
1838,Oliver Lindsay,Masculino,06/06/1983
1839,Chester Vaughan,Masculino,27/08/2002
1840,Jessica Lunt,Feminino,28/06/1994
1841,Lucas Kelly,Masculino,04/03/1955
1842,Rowan Rossi,Feminino,18/09/1951
1843,Anabel Samuel,Feminino,01/02/1966
1844,Kendra Kidd,Feminino,21/08/1997
1845,Harry Wigley,Masculino,22/09/1982
1846,Olivia Connell,Feminino,25/02/1944
1847,Daria Norburn,Feminino,09/01/1978
1848,Chris Allington,Masculino,08/06/1937
1849,Penelope Brooks,Feminino,17/06/1957
1850,Lana Hogg,Feminino,28/11/1943
1851,John Saunders,Masculino,18/04/1988
1852,Rufus Carson,Masculino,26/11/1960
1853,Erick Dann,Masculino,18/09/1975
1854,Stephanie Flanders,Feminino,04/04/1973
1855,Livia Addison,Feminino,02/02/1996
1856,Barry Craig,Masculino,06/08/1969
1857,Havana Carpenter,Feminino,30/11/1942
1858,Esmeralda Jacobs,Feminino,06/10/1971
1859,Janelle Hepburn,Feminino,14/04/1977
1860,Maddison Shepherd,Feminino,04/09/1977
1861,Belinda Watt,Feminino,21/02/1991
1862,Sebastian Vallory,Masculino,05/10/1978
1863,Christine Shea,Feminino,07/09/1939
1864,Margot Kirby,Feminino,08/05/1963
1865,Freya Jordan,Feminino,11/06/1959
1866,Harriet Bennett,Feminino,07/07/1995
1867,Hanna Stanley,Feminino,09/07/1945
1868,Sabina Ashwell,Feminino,14/07/1985
1869,Eduardo Wheeler,Masculino,07/01/1980
1870,Mina Reading,Feminino,12/08/2002
1871,Michelle Snow,Feminino,16/05/1962
1872,Abdul Murphy,Masculino,12/02/1978
1873,Harry Wilde,Masculino,29/09/1961
1874,Shannon Brown,Feminino,12/01/1963
1875,Drew Burnley,Feminino,21/08/1974
1876,Tom Malone,Masculino,02/05/1960
1877,Gloria Mooney,Feminino,13/06/1950
1878,Leroy Rose,Masculino,04/07/1947
1879,Rick Oakley,Masculino,06/07/1930
1880,Kieth Morris,Masculino,20/11/1946
1881,Fred Gregory,Masculino,31/05/1943
1882,Renee Paterson,Feminino,23/08/1963
1883,Peyton Martin,Feminino,19/06/1962
1884,Celia Armstrong,Feminino,04/10/1996
1885,Kieth Bennett,Masculino,01/12/1946
1886,Robyn Shea,Feminino,16/11/1978
1887,Christine Knott,Feminino,17/04/1972
1888,Matthew Andrews,Masculino,15/01/1992
1889,Gwen Ebbs,Feminino,04/04/1978
1890,Leah Adler,Feminino,26/12/1937
1891,Aisha Adler,Feminino,26/01/1945
1892,Vera Yard,Feminino,23/11/1972
1893,Audrey Weston,Feminino,16/04/1956
1894,Moira Gilmore,Feminino,04/09/1968
1895,Benny Bayliss,Masculino,08/07/1943
1896,Harvey Jackson,Masculino,16/02/1984
1897,Erick Willis,Masculino,05/12/1934
1898,Stacy Kerr,Feminino,14/12/1974
1899,Bryon Roberts,Masculino,21/09/1937
1900,Manuel Bailey,Masculino,13/01/1998
1901,Bryce Rossi,Feminino,18/11/1935
1902,Vicky Briggs,Feminino,28/10/1968
1903,Chuck Jefferson,Masculino,09/02/1966
1904,Gwen Yates,Feminino,07/04/1941
1905,Martin Uttley,Masculino,25/09/1950
1906,Julian Ingram,Masculino,04/12/1940
1907,Fiona Stone ,Feminino,12/06/1998
1908,Barry Mooney,Masculino,26/04/1962
1909,Luke Craig,Masculino,11/04/1978
1910,Oliver Tyrrell,Masculino,05/12/1964
1911,Denny Alexander,Masculino,19/10/2001
1912,Anne Parsons,Feminino,23/08/1996
1913,Elise Bailey,Feminino,07/07/1942
1914,Helen Jeffery,Feminino,07/08/1937
1915,Madison Ward,Feminino,17/12/1999
1916,Stacy Ring,Feminino,04/06/1970
1917,Danny Kennedy,Masculino,17/03/1995
1918,Sage Antcliff,Feminino,17/02/1932
1919,Bryon Oakley,Masculino,04/07/1956
1920,Chanelle Benson,Feminino,20/04/1981
1921,Matt Johnson,Masculino,18/09/1945
1922,Stella Booth,Feminino,14/04/1939
1923,Cherish Tailor,Feminino,07/05/1984
1924,Johnathan Ross,Masculino,14/07/1950
1925,Meredith Harper,Feminino,13/03/1958
1926,Rylee Ryan,Feminino,10/02/1981
1927,Alexander Mooney,Masculino,09/08/1972
1928,Mona Bingham,Feminino,10/01/1964
1929,Jasmine Rixon,Feminino,08/05/1994
1930,Phillip Ward,Masculino,27/07/2002
1931,Abdul Veale,Masculino,23/06/1941
1932,Camila Tyrrell,Feminino,27/02/2001
1933,Johnny Morris,Masculino,07/06/1937
1934,Alan Lee,Masculino,29/07/1976
1935,Nate Richards,Masculino,08/12/1993
1936,Eduardo Burge,Masculino,29/08/1977
1937,Erick Attwood,Masculino,05/10/1967
1938,Madelyn Emmott,Feminino,18/05/1978
1939,Johnathan Kelly,Masculino,19/09/1940
1940,Roger Poole,Masculino,01/11/1953
1941,Sloane Funnell,Feminino,18/09/1940
1942,Leanne Moore,Feminino,05/12/1974
1943,Blake Davies,Feminino,11/09/1932
1944,Eileen Poole,Feminino,11/09/1955
1945,Johnathan Jenkin,Masculino,04/01/1973
1946,Barry Styles,Masculino,09/08/1963
1947,Bryon Sylvester,Masculino,09/09/1972
1948,Leroy Wilson,Masculino,30/09/1943
1949,Jules Lowe,Feminino,18/06/2001
1950,Barney Hall,Masculino,03/02/1986
1951,Noah Rossi,Masculino,25/09/1934
1952,David Mccormick,Masculino,20/10/1951
1953,Roger Palmer,Masculino,15/01/1957
1954,Marvin Collingwood,Masculino,10/04/1982
1955,Harriet Russell,Feminino,25/08/1975
1956,George Abbot,Masculino,18/10/1953
1957,Zara Yarwood,Feminino,07/09/1948
1958,Vicky Lane,Feminino,29/03/1955
1959,Benjamin Walsh,Masculino,18/05/1974
1960,Ryan Jacobs,Masculino,25/04/1984
1961,Anthony Shaw,Masculino,21/03/1937
1962,Sabrina Payne,Feminino,29/06/1989
1963,Ronald Eaton,Masculino,12/09/1990
1964,Matt Kennedy,Masculino,07/02/1955
1965,Catherine Neville,Feminino,30/09/1976
1966,Liam Coll,Masculino,28/09/1948
1967,Bree Stevens,Feminino,17/10/1963
1968,Carrie James,Feminino,24/08/2000
1969,Russel Tate,Masculino,17/09/1995
1970,Sonya Bentley,Feminino,18/06/1967
1971,Mackenzie Noach,Feminino,08/06/1961
1972,Marilyn Kennedy,Feminino,11/05/1998
1973,Erick Vaughn,Masculino,06/12/1998
1974,Noah Rixon,Masculino,05/10/1962
1975,Katelyn Lewis,Feminino,09/08/1987
1976,Tyler Forth,Masculino,29/10/1970
1977,Ally Hastings,Feminino,06/01/1965
1978,Gwenyth Lewin,Feminino,04/05/1994
1979,Crystal Chapman,Feminino,16/02/1948
1980,Tyson Stewart,Masculino,31/08/1940
1981,Parker Harper,Feminino,19/11/1986
1982,David Wilson,Masculino,07/02/1955
1983,Daron Hood,Masculino,27/02/1980
1984,Rosalee Addley,Feminino,02/08/1937
1985,Daphne Farmer,Feminino,11/01/1981
1986,Celia Morris,Feminino,16/12/1966
1987,Ema Lowe,Feminino,08/05/1975
1988,Mayleen White,Feminino,11/02/1933
1989,Hannah Nanton,Feminino,19/05/1999
1990,Piper Miller,Feminino,19/05/1962
1991,Jennifer Roberts,Feminino,24/12/1972
1992,Kieth Lloyd,Masculino,31/07/1961
1993,Julius Miller,Masculino,18/07/1986
1994,Rocco Turner,Masculino,03/10/2001
1995,Roger Rosenbloom,Masculino,07/05/1969
1996,Audrey Cann,Feminino,17/11/1944
1997,Shay Mason,Feminino,04/09/1948
1998,Lily Walker,Feminino,04/03/1986
1999,Maggie Quinton,Feminino,09/08/1945
2000,Harvey Anderson,Masculino,27/05/1942
